word1,word2,relatedness
lion,lion,0.0
line,lion,0.0
circus,lion,1.377983027
circus,line,-0.630542589
lion,truck,-0.657045944
line,truck,-0.412135754
driver,lion,-1.042229239
driver,line,0.006942127
lion,refused,-0.803420041
line,refused,-0.599020207
lion,tow,-0.878076745
line,tow,-0.226590203
tooth,tooth,0.0
tooth,truth,0.0
dentist,tooth,1.62355512
dentist,truth,-0.565572904
tell,tooth,-0.768492084
tell,truth,0.804145346
patient,tooth,0.111725948
patient,truth,-0.432490434
tooth,whole,-0.322992663
truth,whole,0.752346196
cilia,cilia,0.0
cilia,sillier,0.0
cilia,handlebar,-0.820549264
handlebar,sillier,-0.742520611
cilia,mustache,-0.010195246
mustache,sillier,-0.297709011
cilia,look,-0.923160237
look,sillier,-0.675208967
cilia,ridiculous,-0.950474383
ridiculous,sillier,1.151378004
cilia,symmetrical,-0.360338435
sillier,symmetrical,-0.683703022
cilia,eyelashes,-0.040038203
eyelashes,sillier,-0.681557747
cilia,even,-0.929999881
even,sillier,-0.727122625
heir,heir,0.0
hair,heir,0.0
heir,man,0.502701118
hair,man,1.063789627
heir,used,-0.58932926
hair,used,-0.569021165
heir,money,1.381728734
hair,money,-0.374102282
heir,inherited,1.404774565
hair,inherited,-0.190257313
heir,late,0.17890769
hair,late,-0.845278073
father,heir,0.721817788
father,hair,-0.413880798
heir,put,-0.62358598
hair,put,-0.378372875
addition,heir,-0.382613152
addition,hair,-0.450466895
heir,house,-0.575083639
hair,house,-0.768492084
extension,heir,-0.431374827
extension,hair,0.793788593
clothing,clothing,0.0
closing,clothing,0.0
clothing,men's,0.854047774
closing,men's,-0.864343966
clothing,wear,1.273718445
closing,wear,-0.628833021
clothing,store,1.517614712
closing,store,-0.019507567
clothing,opening,-0.389128151
closing,opening,1.277368953
clothing,times,-0.535653622
closing,times,0.429658664
ambiance,ambiance,0.0
ambiance,ambulance,0.0
ambiance,paramedic,-0.892589298
ambulance,paramedic,0.382651093
ambiance,got,-0.57113356
ambulance,got,-0.863688194
ambiance,new,-0.360169455
ambulance,new,-0.906119465
ambiance,job,-0.696788693
ambulance,job,0.562416838
ambiance,chauffeur,-0.314530643
ambulance,chauffeur,-0.390131783
ambiance,driver,-0.543925855
ambulance,driver,0.841903822
perches,perches,0.0
perches,purchase,0.0
perches,pet,0.543119058
pet,purchase,-0.331846317
perches,store,-0.725018344
purchase,store,1.273688022
bird,perches,1.191686169
bird,purchase,-0.501370858
contest,perches,-0.590919012
contest,purchase,-0.562537662
necessary,perches,-0.823158985
necessary,purchase,0.120207237
reword,reword,0.0
reward,reword,0.0
pun,reword,-0.071790798
pun,reward,-0.787863724
math,math,0.0
mass,math,0.0
math,rubber,-0.748391508
mass,rubber,-0.582838844
band,math,-0.876819151
band,mass,-0.749418744
math,pistol,-0.820549264
mass,pistol,-0.736901481
confiscated,math,-0.577110797
confiscated,mass,-0.812923943
algebra,math,1.85746101
algebra,mass,-0.518226951
class,math,1.118197093
class,mass,-0.250535633
math,weapon,-0.317952911
mass,weapon,0.460125844
disruption,math,-0.861675739
disruption,mass,0.20398117
stealer,stealer,0.0
stealer,steeler,0.0
stealer,thief,1.548432432
steeler,thief,0.538072559
stealer,stole,1.694467811
steeler,stole,0.789595372
cutlery,stealer,-0.608574651
cutlery,steeler,-0.228020166
leaving,stealer,-0.696696471
leaving,steeler,-0.827171198
clue,stealer,-0.367417642
clue,steeler,-0.296696232
called,stealer,-0.73993729
called,steeler,-0.835115108
stainless,stealer,-0.72768653
stainless,steeler,-0.09379566
wicker,wicker,0.0
wicked,wicker,0.0
getting,wicker,-0.802963762
getting,wicked,-0.791296213
pranked,wicker,-0.945886353
pranked,wicked,0.291268252
friends,wicker,-0.929679135
friends,wicked,-0.555701691
hit,wicker,-0.818366589
hit,wicked,0.114935389
basket,wicker,1.40920629
basket,wicked,-0.680156607
aron,wicker,-0.878076745
aron,wicked,-0.754020104
knew,wicker,-0.853144038
knew,wicked,-0.869254404
sense,wicker,-0.674633301
sense,wicked,-0.379664444
humor,wicker,-0.696201398
humor,wicked,0.643750513
spatial,spatial,0.0
spatial,special,0.0
aliens,spatial,-0.331103175
aliens,special,-0.179464204
lovable,spatial,-0.587589366
lovable,special,0.657898682
whirled,whirled,0.0
whirled,world,0.0
astronaut,whirled,-0.177755161
astronaut,world,1.200440109
gets,whirled,-0.753138191
gets,world,-0.625352039
take,whirled,-0.7778778
take,world,-0.602837689
turn,whirled,1.733512144
turn,world,0.32137873
traveler,whirled,-0.69952321
traveler,world,1.104669659
caesars,caesars,0.0
caesars,scissors,0.0
caesars,young,-0.130802016
scissors,young,-0.574533178
boy,caesars,-0.347430465
boy,scissors,-0.205619209
brutus',caesars,1.099729391
brutus',scissors,-0.870360782
caesars,mother,-0.768492084
mother,scissors,-0.804208035
caesars,cautioned,-0.903392247
cautioned,scissors,1.588185734
caesars,not,-0.787256892
not,scissors,-1.094772876
caesars,run,-0.820549264
run,scissors,0.124706242
launch,launch,0.0
launch,lunch,0.0
astronauts,launch,1.866736686
astronauts,lunch,-0.695418569
launch,like,-0.825180387
like,lunch,-0.335230617
bloom,bloom,0.0
bloom,blue,0.0
bloom,flower,1.436927181
blue,flower,0.682043181
bloom,show,0.640303692
blue,show,-0.593808778
bloom,prize,-0.481246649
blue,prize,-0.274261135
bloom,ribbon,-0.507494658
blue,ribbon,0.79998026
flea,flea,0.0
flea,free,0.0
flea,pet,1.178779019
free,pet,-0.392441284
flea,store,-0.30782313
free,store,-0.05921709
buy,flea,-0.402777604
buy,free,0.044471953
dog,flea,0.892434215
dog,free,-0.450559247
flea,get,-0.789078325
free,get,0.351543999
fillings,fillings,0.0
feelings,fillings,0.0
fillings,kind,-0.741261606
feelings,kind,0.760959289
dentist,fillings,1.696305434
dentist,feelings,-0.227316991
salivation,salivation,0.0
salivation,salvation,0.0
bell,salivation,0.318681874
bell,salvation,-0.358648754
bark,salivation,-0.603036147
bark,salvation,-0.518201998
kennel,salivation,-0.12174292
kennel,salvation,-0.852195938
novel,salivation,-0.9744652
novel,salvation,-0.463107148
ivan,salivation,-0.890851734
ivan,salvation,-0.855225043
pavlov,salivation,0.539515988
pavlov,salvation,0.155029846
chronicles,salivation,-0.658279818
chronicles,salvation,-0.43002334
birth,salivation,-0.35454071
birth,salvation,0.238622737
army,salivation,0.091829622
army,salvation,0.114838662
orifice,orifice,0.0
office,orifice,0.0
dentists,orifice,0.194547375
dentists,office,1.238488039
like,orifice,-0.855225043
like,office,-0.964779109
hard,orifice,-0.497426638
hard,office,-0.360273011
day,orifice,-0.740043375
day,office,0.26177945
braille,braille,0.0
bail,braille,0.0
braille,even,-0.801476003
bail,even,-0.768492084
ashley,braille,-0.506866596
ashley,bail,-0.318165828
blind,braille,1.534468703
bail,blind,-0.999925399
braille,under,-0.9624971
bail,under,-0.794120045
arrest,braille,-0.791296213
arrest,bail,1.722882404
braille,still,-0.560659136
bail,still,-0.84409879
braille,hope,-0.622885758
bail,hope,-0.291239755
braille,out,-0.109953666
bail,out,1.523096169
sperm,sperm,0.0
sperm,spur,0.0
even,sperm,-1.09733531
even,spur,-1.025309695
contributes,sperm,-0.395011074
contributes,spur,-0.491900541
either,sperm,-0.686619962
either,spur,-0.686796655
sperm,x,-0.488115664
spur,x,-1.020847887
sperm,y,0.630654036
spur,y,-0.553105246
chromosome,sperm,1.240840569
chromosome,spur,-0.698370281
father,sperm,1.214549809
father,spur,-0.828776304
chooses,sperm,-0.782835074
chooses,spur,-0.649524509
sex,sperm,1.793568014
sex,spur,0.994719349
child,sperm,1.20202566
child,spur,-0.695449385
just,sperm,-0.705919562
just,spur,-0.960892804
moment,sperm,-0.456345808
moment,spur,1.80293771
decision,sperm,-0.340387368
decision,spur,-0.151593384
grime,grime,0.0
crime,grime,0.0
children,grime,-0.248805238
children,crime,-0.807717991
eat,grime,-0.463720998
crime,eat,-0.777888144
grime,washing,0.855460814
crime,washing,-1.022932402
grime,hands,0.02573075
crime,hands,-0.192807897
epoch,epoch,0.0
epoch,pock,0.0
epoch,grandparents,-0.140462652
grandparents,pock,-0.696201398
epoch,faces,-0.871854252
faces,pock,0.090758841
epoch,full,-0.531953874
full,pock,-0.489234324
epoch,marks,-0.765084941
marks,pock,1.235380646
bonus,bonus,0.0
bones,bonus,0.0
bonus,labored,0.230826751
bones,labored,-0.618125366
bonus,hard,-0.605434133
bones,hard,0.961548028
bonus,worked,0.085690978
bones,worked,0.160513752
bonus,fingers,-1.042123439
bones,fingers,1.111863269
hobbit,hobbit,0.0
habit,hobbit,0.0
hobbit,keep,-0.657583393
habit,keep,0.253686122
hobbit,reading,1.472241225
habit,reading,0.019289278
hobbit,the,0.171521965
habit,the,-1.006811246
hobbit,lord,0.082779547
habit,lord,-0.696696471
hobbit,rings,0.943917597
habit,rings,-0.566546575
guess,hobbit,-0.847441127
guess,habit,-0.91851544
hobbit,just,-0.869925117
habit,just,-0.556870298
force,hobbit,-0.660585383
force,habit,-0.157900287
screaming,screaming,0.0
screaming,screening,0.0
like,screaming,-0.89623195
like,screening,-0.443944792
latest,screaming,-0.768492084
latest,screening,-0.295271219
horror,screaming,1.020541988
horror,screening,0.698420014
movie,screaming,0.240603017
movie,screening,1.034326306
i've,screaming,-0.83289257
i've,screening,-0.90658766
arranged,screaming,-0.647822954
arranged,screening,-0.404895972
private,screaming,-0.851442379
private,screening,0.524680304
ohms,ohms,0.0
Holmes,ohms,0.0
like,ohms,-0.961631853
Holmes,like,-0.768492084
ohms,stay,-0.712045543
Holmes,stay,-0.916856701
current,ohms,0.58262646
Holmes,current,-0.83483688
electrifying,ohms,0.982098768
Holmes,electrifying,-0.566891594
adventures,ohms,-0.756463027
Holmes,adventures,0.709295912
ohms,sherlock,-0.558142296
Holmes,sherlock,1.716176025
kant,kant,0.0
can't,kant,0.0
kant,need,-0.768492084
can't,need,-0.457669333
kant,philosophy,0.594760077
can't,philosophy,-0.236775461
homework,kant,-0.530654244
can't,homework,-0.346031903
just,kant,-0.747905517
can't,just,-0.48257104
tamper,tamper,0.0
tamper,temper,0.0
barista,tamper,-0.321494003
barista,temper,-0.695418569
not,tamper,-0.38436228
not,temper,-0.883392341
allowed,tamper,-0.639302032
allowed,temper,-0.675663486
make,tamper,-0.022103465
make,temper,-0.513919625
espresso,tamper,-0.688232969
espresso,temper,-1.010664532
lose,tamper,-0.42506412
lose,temper,0.744520944
latte,latte,0.0
late,latte,0.0
latte,spend,-0.045615681
late,spend,-0.281561419
latte,time,-0.947835339
late,time,1.200496854
coffee,latte,1.838535291
coffee,late,-0.164915081
latte,shop,0.099673274
late,shop,0.147724513
latte,you'll,-1.033399543
late,you'll,-0.466902009
latte,work,-0.262727015
late,work,0.676276652
libel,libel,0.0
liable,libel,0.0
libel,write,0.253432196
liable,write,-0.518143508
bad,libel,0.434544881
bad,liable,0.213244842
libel,things,-0.783779476
liable,things,-0.674633301
libel,sue,1.702812138
liable,sue,1.03866012
tryst,tryst,0.0
tryst,twist,0.0
novel,tryst,-0.740461126
novel,twist,0.713492747
tryst,unexpected,-0.384531457
twist,unexpected,1.62548606
secret,tryst,0.203059995
secret,twist,0.264869073
meeting,tryst,0.283346607
meeting,twist,-0.713061639
lovers,tryst,1.09218497
lovers,twist,-0.605937267
plot,tryst,-0.620082612
plot,twist,0.655905037
propane,propane,0.0
profane,propane,0.0
inflammatory,propane,0.524274451
inflammatory,profane,0.537788401
propane,talk,-0.820549264
profane,talk,0.638659276
propane,seen,0.298342534
profane,seen,-0.431107244
language,propane,-0.975849504
language,profane,0.813567976
leafing,leafing,0.0
leafing,leaving,0.0
john,leafing,-0.930865719
john,leaving,-0.732594277
leafing,plans,0.664976109
leaving,plans,0.076967923
leafing,retire,-1.00566682
leaving,retire,0.641089708
leafing,spring,0.557250604
leaving,spring,-0.511549743
leafing,like,-0.660585383
leaving,like,0.082140175
leafing,trees,1.209997602
leaving,trees,-0.476044827
yams,yams,0.0
Lambs,yams,0.0
just,yams,-0.768492084
Lambs,just,-0.934888345
time,yams,-0.981517464
Lambs,time,0.021541304
thanksgiving,yams,1.212957909
Lambs,thanksgiving,-0.425702503
blockbuster,yams,-0.820549264
Lambs,blockbuster,-0.872240425
movie,yams,-0.711983357
Lambs,movie,-0.097078622
sweet,yams,0.677385511
Lambs,sweet,0.053858171
potatoes,yams,1.353283713
Lambs,potatoes,-0.268920404
called,yams,-0.773975142
Lambs,called,-0.629178616
the,yams,-0.554968549
Lambs,the,-0.643381484
silence,yams,-0.93384429
Lambs,silence,0.490500931
tolkien,tolkien,0.0
talking,tolkien,0.0
night,tolkien,-0.421807519
night,talking,-0.284385257
kept,tolkien,-0.910268591
kept,talking,-0.487771094
dreaming,tolkien,-0.13577103
dreaming,talking,-0.35620347
tolkien,written,0.446306691
talking,written,0.657206796
lord,tolkien,1.160735078
lord,talking,-0.456126881
rings,tolkien,1.387542586
rings,talking,-0.938879858
tolkien,wife,-0.607085823
talking,wife,0.180393523
said,tolkien,-0.416466233
said,talking,1.559672555
i'd,tolkien,-0.866508438
i'd,talking,-0.768492084
sleep,tolkien,-0.659335913
sleep,talking,-0.549401899
magnate,magnate,0.0
magnate,magnet,0.0
magnate,people,-0.431309807
magnet,people,-0.033286014
magnate,strongly,0.205205301
magnet,strongly,0.624197061
attracted,magnate,0.279602196
attracted,magnet,0.432189381
raven,raven,0.0
raven,raving,0.0
people,raven,-0.692477372
people,raving,0.051942857
raven,think,-0.547426766
raving,think,-0.366756378
edgar,raven,0.755989354
edgar,raving,0.668814932
allan,raven,0.05910036
allan,raving,-0.860964863
poe,raven,1.347726463
poe,raving,-0.146664918
madman,raven,0.102235812
madman,raving,1.408360872
alkaline,alkaline,0.0
alcohol,alkaline,0.0
alkaline,battery,1.206701171
alcohol,battery,-0.792668572
alkaline,problem,-0.860713606
alcohol,problem,0.867494647
alkaline,went,-0.731474167
alcohol,went,-0.800999628
aa,alkaline,1.043341239
aa,alcohol,1.622194218
alkaline,meetings,-1.072710013
alcohol,meetings,0.198383999
shave,shave,0.0
shave,slave,0.0
boss,shave,-0.507400464
boss,slave,1.072828636
not,shave,-0.891280856
not,slave,-0.47745673
shave,tolerate,-0.737205823
slave,tolerate,-0.613686324
beards,shave,0.734259357
beards,slave,0.288613041
mustaches,shave,1.325039479
mustaches,slave,-0.865224467
real,shave,-0.664275018
real,slave,-0.3940021
driver,shave,-0.643777786
driver,slave,0.272936473
aiken,aiken,0.0
aching,aiken,0.0
aiken,heart,-0.724771037
aching,heart,0.661308045
aiken,starts,-0.748234784
aching,starts,-0.643347041
aiken,clay,1.199433985
aching,clay,-0.415952447
aiken,sings,0.441021487
aching,sings,-0.710184521
irrigation,irrigation,0.0
irrigation,irritation,0.0
irrigation,neighbor's,-0.730225151
irritation,neighbor's,-0.269612334
irrigation,sprinkler,1.742975516
irritation,sprinkler,-0.685323601
constant,irrigation,-0.510609373
constant,irritation,0.187268811
auntie,auntie,0.0
ante,auntie,0.0
auntie,uncles,1.798489909
ante,uncles,-0.55978999
auntie,bet,-0.827928535
ante,bet,0.057568964
auntie,get,-1.015647941
ante,get,-0.610300289
auntie,married,-0.203961453
ante,married,-1.055707502
auntie,upped,-0.802963762
ante,upped,1.005601192
fuchsia,fuchsia,0.0
fuchsia,future,0.0
fuchsia,new,-0.870415876
future,new,0.425859064
fuchsia,years,-0.950474383
future,years,0.794137854
fuchsia,resolution,-0.686168064
future,resolution,0.401406128
bankrupt,fuchsia,-0.980582098
bankrupt,future,0.111994684
fuchsia,gardener,-0.025247262
future,gardener,-0.594976527
forget,fuchsia,-0.843243559
forget,future,-0.184145143
fuchsia,past,-1.001058143
future,past,1.353347814
fuchsia,rely,-0.768492084
future,rely,-0.828824356
till,till,0.0
tell,till,0.0
organic,till,-0.061528485
organic,tell,-0.622130709
farms,till,1.384527455
farms,tell,-0.928333605
like,till,-0.785873486
like,tell,-0.154158423
house,house,0.0
house,how's,0.0
house,real,-0.688196007
how's,real,-0.617130283
estate,house,1.351042085
estate,how's,-1.028844296
agent,house,-0.031082829
agent,how's,-0.768492084
house,said,-0.757080802
how's,said,-0.888097097
going,house,-0.330278008
going,how's,0.279061587
eire,eire,0.0
eire,fire,0.0
eire,people,-0.552208408
fire,people,-0.080619354
eire,happy,-0.676615169
fire,happy,-0.337994211
eire,time,-0.736867675
fire,time,-0.512384139
eire,vacationing,-0.58497285
fire,vacationing,-0.773259387
eire,ireland,0.259286594
fire,ireland,-0.805463266
eire,walking,-0.761443572
fire,walking,-0.564388988
alp,alp,0.0
alp,help,0.0
alp,people,-0.708886898
help,people,0.408733728
alp,switzerland,1.454584429
help,switzerland,-0.725940798
alp,learn,-0.89684315
help,learn,0.503757112
alp,ski,1.272672278
help,ski,-0.475677545
alp,lot,-0.581380651
help,lot,-0.472152614
garden,garden,0.0
garden,guarding,0.0
garden,scarecrows,1.197760582
guarding,scarecrows,0.752424307
garden,patch,1.110548584
guarding,patch,-0.566140103
bean,bean,0.0
bean,been,0.0
bean,selling,-0.652661735
been,selling,0.582549294
bean,coffee,1.660317803
been,coffee,-0.584549235
bean,perks,-0.508400531
been,perks,-0.723754513
bean,those,-0.889691066
been,those,-0.506007447
bean,lucky,-0.629772767
been,lucky,-0.132889355
odor,odor,0.0
odor,order,0.0
odor,sign,-0.476426771
order,sign,0.453981087
broken,odor,-0.64930939
broken,order,-0.365706615
odor,perfume,1.349460204
order,perfume,-0.468285923
bottle,odor,-0.175423027
bottle,order,-0.531042077
odor,out,-0.541483176
order,out,-0.051627798
watt,watt,0.0
lot,watt,0.0
sign,watt,-0.505795287
lot,sign,-0.116709271
please,watt,-0.967609746
lot,please,-0.889900822
turn,watt,-0.843243559
lot,turn,-0.19418994
out,watt,-0.658818661
lot,out,-0.472757556
lights,watt,1.688947785
lights,lot,-0.509280299
thanks,watt,-1.005784866
lot,thanks,0.665598477
pest,pest,0.0
best,pest,0.0
children,pest,0.019929402
best,children,-0.453331164
behavior,pest,-0.451721813
behavior,best,0.748248245
crank,crank,0.0
crack,crank,0.0
crank,people,-0.275070284
crack,people,-0.661190249
crank,get,-0.945886353
crack,get,-0.734582003
crank,up,-0.027226409
crack,up,-0.313578599
crank,work,0.065639743
crack,work,-0.362394119
crank,dawn,-0.920411633
crack,dawn,0.572512878
leg,leg,0.0
lag,leg,0.0
leg,planes,-0.935994935
lag,planes,0.158193106
cramped,leg,0.978330987
cramped,lag,-0.466712467
leg,passengers,-0.387229821
lag,passengers,-0.1539718
leg,suffer,-0.641826049
lag,suffer,0.083408856
jet,leg,-0.888097097
jet,lag,1.718372676
decade,decade,0.0
decade,decay,0.0
decade,ten,1.564333095
decay,ten,-0.838154715
decade,years,1.547106667
decay,years,0.713324245
brushing,decade,0.002236756
brushing,decay,0.685656189
causes,decade,-0.866769811
causes,decay,-0.106843409
decade,horrible,-0.600309607
decay,horrible,0.311556838
decade,tooth,-0.472012752
decay,tooth,1.114234322
dramatic,dramatic,0.0
dramatic,traumatic,0.0
actor,dramatic,1.169871747
actor,traumatic,-0.475196786
dramatic,quite,-0.13541323
quite,traumatic,-0.294495253
dramatic,right,-0.560396783
right,traumatic,1.042524858
dramatic,retired,-0.868380626
retired,traumatic,-0.502520343
dramatic,post,-0.235556432
post,traumatic,0.434364099
dramatic,stress,0.265772995
stress,traumatic,1.030537233
disorder,dramatic,0.02321138
disorder,traumatic,0.826936307
grammatic,grammatic,0.0
grammatic,traumatic,0.0
english,grammatic,1.488062983
english,traumatic,-0.909985073
grammatic,teacher,1.192226318
teacher,traumatic,-0.791296213
felt,grammatic,-0.921998765
felt,traumatic,0.260183849
grammatic,odd,-0.638117648
odd,traumatic,-0.343554782
being,grammatic,-0.376811204
being,traumatic,-0.454650381
fired,grammatic,-0.998823601
fired,traumatic,0.747917522
grammatic,post,-0.075704436
grammatic,stress,-0.708221773
disorder,grammatic,-0.789315839
hosta,hosta,0.0
hosta,hostile,0.0
garden,hosta,0.719701453
garden,hostile,-0.684136703
club,hosta,-0.318740743
club,hostile,-0.319810105
hosta,visited,-0.606117901
hostile,visited,-0.802854167
hosta,nursery,0.141802844
hostile,nursery,-1.073214091
found,hosta,-0.526758118
found,hostile,-0.499352325
environment,hosta,-0.603326871
environment,hostile,0.365676139
dublin,dublin,0.0
doubling,dublin,0.0
dublin,irish,1.581972636
doubling,irish,-0.55077486
dublin,rich,0.750602733
doubling,rich,-0.428540969
capital,dublin,0.858460003
capital,doubling,0.240717333
prism,prism,0.0
prism,prison,0.0
optical,prism,0.862760376
optical,prison,-0.785873486
prism,scientist,0.296114396
prison,scientist,-0.513467826
prism,stole,-0.79161182
prison,stole,0.808077941
colleague's,prism,-0.768492084
colleague's,prison,-0.766698457
bifocals,prism,0.156082969
bifocals,prison,-0.073276141
prism,sentenced,-1.030829313
prison,sentenced,1.168777351
prism,three,-0.24627984
prison,three,-0.901873649
prism,years,-0.203757048
prison,years,1.082541942
prism,state,-0.743323488
prison,state,0.585852523
fridge,fridge,0.0
bridge,fridge,0.0
fridge,plumber,-0.091764356
bridge,plumber,-0.768492084
explained,fridge,-0.735554156
bridge,explained,-0.624420972
fridge,problem,-0.642296772
bridge,problem,-0.095965802
fridge,kitchen,1.480104337
bridge,kitchen,-0.604859562
fridge,just,-0.808410373
bridge,just,-0.58529731
fridge,water,0.434760611
bridge,water,1.20972442
fridge,under,-0.524355
bridge,under,0.461293395
thief,thief,0.0
chief,thief,0.0
robber,thief,1.490306763
chief,robber,-0.232999264
baron,thief,-0.162000844
baron,chief,0.33945814
commander,thief,-0.436090311
chief,commander,1.282435225
revolution,revolution,0.0
resolution,revolution,0.0
revolution,satellite,-0.589581762
resolution,satellite,-0.169813127
revolution,went,-0.718832382
resolution,went,-0.556542663
orbit,revolution,0.587169324
orbit,resolution,-0.674633301
january,revolution,-0.629788658
january,resolution,0.391177113
1st,revolution,-0.014723459
1st,resolution,0.162847061
causing,revolution,0.312314307
causing,resolution,-0.005369105
new,revolution,0.901104107
new,resolution,-0.07632358
revolution,year's,0.90086442
resolution,year's,0.890641509
plants,plants,0.0
Pants,plants,0.0
plants,twin,-0.38589311
Pants,twin,-0.678366917
girls,plants,-0.694945616
Pants,girls,-0.292359923
plants,rented,-0.735411976
Pants,rented,-0.776725227
flora,plants,1.641977958
Pants,flora,-0.574013214
offices,plants,0.339348001
Pants,offices,-0.400514965
called,plants,-0.853982066
Pants,called,-0.917305489
business,plants,-0.339603311
Pants,business,0.014473553
plants,sisterhood,-0.773159051
Pants,sisterhood,0.092858957
plants,traveling,-1.035775607
Pants,traveling,0.251272811
incisor,incisor,0.0
incisor,insider,0.0
dentist,incisor,1.408438937
dentist,insider,-0.769278744
convicted,incisor,-0.777888144
convicted,insider,1.153653783
incisor,trading,-0.908562066
insider,trading,0.635210148
mimes,mimes,0.0
mimes,minds,0.0
mimes,quietest,1.238651008
minds,quietest,-0.398265241
burglars,mimes,-0.860241149
burglars,minds,-0.164260357
history,mimes,-0.77714194
history,minds,-0.090787765
mimes,new,-0.751096084
minds,new,-0.773609685
mimes,york,-0.556025932
minds,york,-0.847554516
city,mimes,-0.55700229
city,minds,-0.491339155
mimes,newspapers,-0.902058306
minds,newspapers,-0.104841691
called,mimes,-0.316985196
called,minds,-0.645971166
criminal,mimes,-0.881673721
criminal,minds,0.8967753
glittering,glittering,0.0
glittering,littering,0.0
glittering,tinker,-0.189314298
littering,tinker,-0.769278744
bell,glittering,-0.440564951
bell,littering,-0.687052082
arrested,glittering,-1.094565172
arrested,littering,0.372458385
being,glittering,-0.737205823
being,littering,-0.811913462
glittering,suspiciously,-0.250587203
littering,suspiciously,-0.614673537
glittering,high,-0.6379605
high,littering,-0.686208141
end,glittering,-0.708886898
end,littering,-0.76231163
glittering,only,-0.682024193
littering,only,-0.791296213
fined,glittering,-0.932223603
fined,littering,0.78383159
altitude,altitude,0.0
altitude,attitude,0.0
altitude,become,-0.929679135
attitude,become,-0.442911135
altitude,pilot,1.791182413
attitude,pilot,-0.149998759
altitude,requires,-0.558837016
attitude,requires,-0.386097938
altitude,good,-0.293776516
attitude,good,0.893129765
presence,presence,0.0
presence,presents,0.0
christmas,presence,-0.049557714
christmas,presents,1.637799199
people's,presence,-0.0751085
people's,presents,-0.346341863
necks,necks,0.0
necks,next,0.0
necks,vampires,1.378436923
next,vampires,-1.00930888
looking,necks,-0.338658039
looking,next,0.134282838
necks,victim,-0.193476629
next,victim,-0.127997301
digestion,digestion,0.0
destruction,digestion,0.0
digestion,villain,-0.855225043
destruction,villain,0.988480057
call,digestion,0.093892454
call,destruction,-0.586608055
digestion,silverware,0.138388152
destruction,silverware,-1.039672234
digestion,weapons,-0.932214604
destruction,weapons,1.774042894
digestion,mass,-0.578788033
destruction,mass,0.766814076
ream,ream,0.0
cream,ream,0.0
brand,ream,-0.883793725
brand,cream,-0.345707956
name,ream,-1.040211454
cream,name,-0.855225043
highest,ream,-0.661081037
cream,highest,-0.504438568
quality,ream,-0.257446601
cream,quality,-0.12479741
copy,ream,0.412031456
copy,cream,-0.902797355
paper,ream,0.479931977
cream,paper,-0.805463266
money,ream,-0.403558994
cream,money,-0.733643118
buy,ream,-0.593921746
buy,cream,-0.540992522
crop,ream,-0.355341607
cream,crop,0.332406402
seize,seize,0.0
see,seize,0.0
get,seize,1.359117125
get,see,0.088392161
author,author,0.0
author,offer,0.0
author,made,-0.044555276
made,offer,0.330747771
author,mario,-0.445062983
mario,offer,-0.58300583
author,puzo's,-0.286843603
offer,puzo's,-0.943495525
author,books,1.509589183
books,offer,-0.209364427
author,required,-0.66068669
offer,required,-0.500990712
author,reading,1.536248836
offer,reading,-0.409127505
author,class,-0.399710837
class,offer,-0.296974995
author,refuse,-0.895111923
offer,refuse,0.703035782
source,source,0.0
sauce,source,0.0
crop,source,0.560526118
crop,sauce,-0.733116391
destroyed,source,-0.679780332
destroyed,sauce,-0.589229771
cranberry,source,-0.886871738
cranberry,sauce,1.288888135
paste,paste,0.0
paste,pays,0.0
paste,use,-0.126965987
pays,use,-0.227360321
glue,paste,0.470554486
glue,pays,-0.362910996
class,paste,-0.227585055
class,pays,-0.619277644
careful,paste,-0.800039275
careful,pays,-0.370146896
espresso,espresso,0.0
espresso,express,0.0
espresso,why,-0.756463027
express,why,-0.56068931
espresso,italians,0.971203413
express,italians,-0.560644721
espresso,good,0.360923675
express,good,-0.604759049
espresso,making,-0.345588794
express,making,-0.291104455
coffee,espresso,1.41195608
coffee,express,0.393883288
espresso,really,-0.650929998
express,really,-0.119510849
espresso,know,-0.553771418
express,know,0.152758547
scents,scents,0.0
scents,sense,0.0
scents,women,0.233857742
sense,women,-0.057864985
scents,wear,0.268609685
sense,wear,-0.705919562
20000,scents,-0.773975142
20000,sense,-0.438374708
perfume,scents,1.363457409
perfume,sense,0.740798005
obviously,scents,-0.806755632
obviously,sense,0.328876648
known,scents,-0.530077167
known,sense,1.382406289
common,scents,-0.46239573
common,sense,0.94058882
lion,owner,-0.571221341
line,owner,0.590250272
lion,takes,-0.731474167
line,takes,2.140015578
lion,share,-0.293792505
line,share,0.499132115
lion,profits,-0.791296213
line,profits,0.052052354
company,lion,-0.477835514
company,line,1.615834465
examines,tooth,0.166825383
examines,truth,1.329249999
time,tooth,-0.827011327
time,truth,-0.388304926
cilia,hairlike,0.870742393
hairlike,sillier,0.666319598
cilia,projections,0.510829971
projections,sillier,-0.594481077
cilia,surface,-0.600363913
sillier,surface,-0.690380914
cells,cilia,0.158261651
cells,sillier,-0.270003413
heir,prince,0.398963786
hair,prince,0.604104081
heir,william,-0.017099358
hair,william,-0.650275049
british,heir,0.577595328
british,hair,-0.331357205
heir,throne,1.660920335
hair,throne,0.15253961
clothing,food,-0.182113649
closing,food,-0.350864355
basic,clothing,-0.094297654
basic,closing,-0.402797522
clothing,necessities,0.567197155
closing,necessities,-0.613538942
ambiance,hotel,0.249315132
ambulance,hotel,-0.197758866
ambiance,warmth,0.826695478
ambulance,warmth,-0.22732948
ambiance,charm,1.886758201
ambulance,charm,-0.709936475
perches,pigeons,1.02822175
pigeons,purchase,-0.520899483
perches,use,-0.38484364
purchase,use,-0.513068551
perches,sunny,0.25021405
purchase,sunny,-0.46684043
perches,sides,-0.09162949
purchase,sides,-0.566406858
perches,roofs,0.566138544
purchase,roofs,-0.613538942
mayor,reword,-0.573199986
mayor,reward,0.356943151
reword,speech,0.584501443
reward,speech,-0.283677554
advisors,reword,-0.429064775
advisors,reward,0.106717557
reword,told,0.056539183
reward,told,0.572020505
exam,math,1.639103598
exam,mass,-0.272153209
math,school,1.023339121
mass,school,-0.480627483
hearts,stealer,-0.14781316
hearts,steeler,0.038120318
chair,wicker,1.260660602
chair,wicked,-0.198142563
made,wicker,-0.131772553
made,wicked,-0.314213502
good,spatial,-0.678910642
good,special,1.286348687
skills,spatial,0.120220326
skills,special,1.640560498
knows,spatial,-0.492701478
knows,special,-0.156660139
build,spatial,0.295884738
build,special,-0.416892218
house,spatial,0.368401744
house,special,0.208673672
plans,spatial,0.26106787
plans,special,-0.445998466
paper,spatial,-0.801287285
paper,special,-0.237063241
dancers,whirled,0.703518292
dancers,world,-0.501971202
stage,whirled,0.217770156
stage,world,0.392031489
caesars,owner,-0.316262417
owner,scissors,-0.51539508
behaves,caesars,-0.658463959
behaves,scissors,-0.125586623
caesars,like,-0.65762522
like,scissors,-0.234096966
caesars,employees,-0.358285341
employees,scissors,0.708169641
launch,space,1.238600321
lunch,space,-0.512879257
launch,took,-0.28830687
lunch,took,-0.50127434
launch,place,-0.377863696
lunch,place,0.37625113
launch,morning,-0.536185487
lunch,morning,-0.278019625
apple,bloom,0.481062549
apple,blue,-0.294832558
bloom,tree,1.512972857
blue,tree,-0.115634231
bloom,week,-0.029711948
blue,week,-0.544280841
flea,fleas,1.665634019
fleas,free,-0.750093092
fillings,replaced,0.570798739
feelings,replaced,0.106002305
fillings,lost,-0.687580615
feelings,lost,0.70021844
dog's,salivation,0.111527616
dog's,salvation,-0.528703386
carpet,salivation,-0.944135686
carpet,salvation,-0.501635297
mouth,orifice,1.808173017
mouth,office,-0.651667224
braille,reads,1.246090659
bail,reads,-0.613538942
braille,fingertips,1.332785624
bail,fingertips,-0.750244648
decided,sperm,-0.855225043
decided,spur,0.071915195
donate,sperm,0.836964216
donate,spur,-0.025278163
city's,grime,-0.224850358
city's,crime,1.082500409
buildings,grime,-0.241545749
buildings,crime,0.451493259
covered,grime,0.156622438
covered,crime,-0.513757338
end,epoch,0.244053589
end,pock,-0.473904065
epoch,nuclear,-0.195878405
nuclear,pock,-0.690380914
arms,epoch,-0.50640718
arms,pock,-0.298632549
epoch,race,-0.530320607
pock,race,0.327046687
began,epoch,-0.05736573
began,pock,-0.367630859
epoch,new,0.317292379
new,pock,-0.352129364
epoch,peace,-0.236416976
peace,pock,0.38015552
cooperation,epoch,-0.845235875
cooperation,pock,-0.612533504
bonus,company,1.75208125
bones,company,-0.519679999
bonus,pays,1.279764163
bones,pays,-0.690380914
bonus,end,-0.413120998
bones,end,0.01834433
bonus,year,0.358923073
bones,year,-0.681714376
favorite,hobbit,-0.544539635
favorite,habit,0.934098334
creatures,hobbit,1.163299659
creatures,habit,0.917310709
screaming,started,-0.610931163
screening,started,-0.14056131
man,screaming,-0.374523875
man,screening,-0.19217154
pulled,screaming,-0.220343268
pulled,screening,-0.627592617
out,screaming,-0.519620103
out,screening,-0.313319244
knife,screaming,0.034827868
knife,screening,-0.486327194
ohms,used,-0.684079055
Holmes,used,-0.378515033
measure,ohms,0.540310852
Holmes,measure,-0.612533504
electrical,ohms,0.80684939
Holmes,electrical,-0.001933297
ohms,resistance,1.001397036
Holmes,resistance,-0.099095031
german,kant,-0.277682647
can't,german,-0.646410038
kant,philosopher,0.978543546
can't,philosopher,-0.571464113
tamper,used,0.116950822
temper,used,-0.139670716
press,tamper,0.063267887
press,temper,-0.71128588
coffee,tamper,-0.889900822
coffee,temper,-0.612533504
latte,like,-0.795034894
late,like,-0.278767789
latte,morning,0.476275351
late,morning,0.681240549
latte,wake,-0.229040106
late,wake,0.622578142
latte,up,-0.229321224
late,up,0.024435691
libel,tabloid,0.429058776
liable,tabloid,0.095544243
libel,newspaper,0.456105477
liable,newspaper,0.750701783
libel,movie,-0.542814943
liable,movie,-0.27377728
libel,star,-0.768492084
liable,star,-0.494395561
go,tryst,-0.898132463
go,twist,-0.262617908
away,tryst,-0.025564184
away,twist,0.385784773
country,tryst,-0.165674745
country,twist,-0.070830033
tryst,weekend,-0.127981648
twist,weekend,-0.691073706
burns,propane,1.104002332
burns,profane,-0.020322317
gas,propane,1.5126071
gas,profane,-0.496182557
propane,stove,1.168493121
profane,stove,-0.690380914
leafing,saw,-0.712532729
leaving,saw,-0.077518976
leafing,pages,0.39021816
leaving,pages,0.331295802
leafing,old,-0.49577673
leaving,old,0.006825773
book,leafing,0.32981752
book,leaving,-0.475260723
people,yams,-0.951877244
Lambs,people,-0.122050497
eat,yams,1.35087508
Lambs,eat,-0.567388288
turkey,yams,1.082942491
Lambs,turkey,-0.246885477
tolkien,wrote,0.481923522
talking,wrote,1.094981625
coal,magnate,-0.402449802
coal,magnet,-0.576033542
iron,magnate,0.162262394
iron,magnet,1.616275387
australia,magnate,-0.686321458
australia,magnet,0.093621331
large,raven,-0.468648589
large,raving,-0.265270062
black,raven,1.567140312
black,raving,0.921090629
bird,raven,1.491272841
bird,raving,-0.257343918
alkaline,tried,-0.947170316
alcohol,tried,0.363600633
alkaline,out,-0.647170371
alcohol,out,-0.413577822
alkaline,diet,-0.121673063
alcohol,diet,-0.214011799
alkaline,maintain,-0.791409523
alcohol,maintain,0.302761876
alkaline,body's,-0.523803515
alcohol,body's,-0.796668299
alkaline,ideal,-0.18242977
alcohol,ideal,0.708128492
alkaline,ph,0.898290847
alcohol,ph,-0.242986586
alkaline,balance,-0.301650519
alcohol,balance,-0.217403282
beard,shave,1.805834566
beard,slave,-0.401604384
growing,shave,0.492980687
growing,slave,-0.165711126
long,shave,-0.45407888
long,slave,-0.130382294
need,shave,-0.573669302
need,slave,0.02248283
aiken,rose,-0.777525303
aching,rose,-0.364415769
aiken,fame,0.019961864
aching,fame,0.824739657
aiken,won,-0.72466085
aching,won,0.003370139
aiken,american,-0.200093116
aching,american,-0.431451521
aiken,idol,1.832087736
aching,idol,-0.321293937
artificial,irrigation,-0.170059923
artificial,irritation,0.026827141
application,irrigation,-0.604822734
application,irritation,-0.674607524
irrigation,water,1.584067474
irritation,water,-0.430288289
irrigation,land,1.055636282
irritation,land,-0.350674018
irrigation,soil,0.762328577
irritation,soil,0.238527633
auntie,betty,-0.399978025
ante,betty,-0.576156657
auntie,mother's,0.949529095
ante,mother's,-0.608214201
auntie,sister,1.283035329
ante,sister,-0.002926078
favorite,fuchsia,-0.550594986
favorite,future,-0.278574592
flower,fuchsia,0.567243596
flower,future,0.032387965
farmers,till,1.409677829
farmers,tell,-0.40063171
soil,till,0.990634418
soil,tell,-0.612008511
springtime,till,-0.134889206
springtime,tell,-0.613538942
house,located,0.422314517
how's,located,-0.156888634
corner,house,0.117721156
corner,how's,-0.681714376
eire,former,-0.63532711
fire,former,-0.310945004
eire,name,-0.3303745
fire,name,-0.65397504
eire,republic,-0.313689975
fire,republic,-0.153653534
alp,very,-0.728015681
help,very,-0.650383036
alp,high,0.678602179
help,high,-0.087557008
alp,mountain,1.436632347
help,mountain,-0.086207403
garden,small,0.590508459
guarding,small,-0.681714376
flower,garden,1.39184861
flower,guarding,-0.7695979
garden,house,0.547336353
guarding,house,0.384515963
bean,like,-0.826129399
been,like,-0.522595532
bean,eat,0.932003108
been,eat,-0.356586326
bean,lima,1.754390007
been,lima,-0.074299171
bean,black,0.657123907
been,black,-0.646561594
odor,old,-0.167753425
old,order,-0.456710691
fish,odor,0.810581643
fish,order,0.033950395
filled,odor,-0.318160949
filled,order,-0.149324838
air,odor,1.407653751
air,order,-0.530520006
desk,watt,-1.020195935
desk,lot,-0.460436798
lamp,watt,1.245054572
lamp,lot,-0.009864837
uses,watt,-0.369936721
lot,uses,0.073232203
60-watt,watt,1.711404572
60-watt,lot,-0.617598116
light,watt,1.81968929
light,lot,-0.470497428
bulb,watt,1.260571326
bulb,lot,-0.388497016
pest,rats,1.265903212
best,rats,1.546366994
mice,pest,1.503664237
best,mice,-0.472750589
flies,pest,1.279505268
best,flies,-0.452526194
pest,regarded,-0.649403424
best,regarded,1.155907971
pest,pests,1.665634019
best,pests,-0.507963891
crank,morning,-0.3763379
crack,morning,-0.534714026
leg,runners,1.123764341
lag,runners,0.227586259
leg,need,-0.625262682
lag,need,-0.36376748
leg,strong,0.189851663
lag,strong,-0.524450561
decade,pretty,-0.768492084
decay,pretty,-0.592206059
decade,long,0.853053477
decay,long,0.358679188
decade,time,1.405860457
decay,time,1.455128101
dramatic,written,0.549493837
traumatic,written,0.271840317
dramatic,works,1.440691293
traumatic,works,-0.542854477
dramatic,stage,0.30772287
stage,traumatic,-0.203194746
grammatic,sentence,1.190501976
sentence,traumatic,-0.44845217
grammatic,unusual,0.806955409
traumatic,unusual,-0.162721119
grammatic,structure,0.857512537
structure,traumatic,-0.385801556
beautiful,hosta,-0.44031101
beautiful,hostile,-0.292314521
hosta,plant,0.331254396
hostile,plant,-0.388165526
dublin,ireland,1.961668987
doubling,ireland,-0.7695979
prism,used,-0.748888987
prison,used,-0.211389195
prism,reflect,1.037128764
prison,reflect,0.322436931
prism,split,0.597686088
prison,split,-0.493119558
light,prism,1.161261397
light,prison,-0.343103799
fridge,put,-0.411008022
bridge,put,-0.714299692
fridge,milk,0.767235192
bridge,milk,0.065462153
fridge,meat,0.803642708
bridge,meat,-0.7695979
stole,thief,1.505970904
chief,stole,-0.545372708
luggage,thief,-0.257270569
chief,luggage,-0.316886587
airport,thief,-0.661774297
airport,chief,0.224649311
industrial,revolution,0.779098559
industrial,resolution,-0.240610069
changed,revolution,1.047769507
changed,resolution,0.49074638
people,revolution,1.181577844
people,resolution,0.558163664
revolution,worked,-0.132138721
resolution,worked,-0.681714376
lived,revolution,-0.353187535
lived,resolution,0.010562891
humans,plants,0.085842382
Pants,humans,1.160297988
animals,plants,0.673120693
Pants,animals,-0.75390942
not,plants,-0.439678866
Pants,not,0.185020415
live,plants,1.055429237
Pants,live,-0.373845175
incisor,rats,-0.525290308
insider,rats,0.096538447
incisor,tore,0.363363383
insider,tore,-0.408645564
incisor,meat,-0.007525189
insider,meat,0.595862703
incisor,strong,-0.405085093
insider,strong,-0.08726854
mimes,very,-0.947170316
minds,very,-0.483321963
mimes,skilled,0.208544935
minds,skilled,-0.571526755
imitating,mimes,1.776000221
imitating,minds,-0.559505191
mimes,people,0.56746651
minds,people,1.378662768
glittering,jewels,1.199606302
jewels,littering,-0.716335307
glittering,sun,0.849660661
littering,sun,-0.410150634
airplane,altitude,0.899280943
airplane,attitude,-0.37279691
altitude,flying,1.487572951
attitude,flying,-0.349386687
35000,altitude,1.529686948
35000,attitude,-0.31124024
altitude,feet,0.849052354
attitude,feet,1.665968295
general,presence,-0.571714282
general,presents,0.139612203
great,presence,-0.279443008
great,presents,0.682147043
necks,wore,-0.337111103
next,wore,-0.092011134
necks,scarf,1.312926424
next,scarf,-0.681714376
digestion,good,-0.20935871
destruction,good,-0.713394257
digestion,eat,1.517272809
destruction,eat,-0.428017343
office,ream,-0.054455985
cream,office,-0.612533504
ream,uses,-0.61745763
cream,uses,-0.412215123
20,ream,-0.562925409
20,cream,-0.690380914
ream,reams,1.450835875
cream,reams,-0.472322047
ream,week,-0.768492084
cream,week,-0.712912044
arm,seize,-0.12662968
arm,see,-0.187185131
run,seize,-0.036770438
run,see,-0.322451462
away,seize,0.492107756
away,see,0.233464962
author,cervantes,0.738380098
cervantes,offer,-0.383013025
author,famous,0.537406812
famous,offer,-0.09377369
author,spanish,-0.023057305
offer,spanish,-0.656226189
author,language,0.778953656
language,offer,-0.031165375
difficulties,source,-0.647976887
difficulties,sauce,-0.437535073
not,source,-0.975432737
not,sauce,-0.542642046
having,source,-0.102751353
having,sauce,-0.113120207
enough,source,-0.827928535
enough,sauce,-0.234507332
money,source,0.218371962
money,sauce,-0.612101614
paste,used,-0.792570627
pays,used,-0.405796813
paste,put,0.009696738
pays,put,-0.259425199
paste,pictures,-0.19061284
pays,pictures,-0.29236282
notebook,paste,-0.06493514
notebook,pays,-0.633571036
espresso,like,-0.407535671
express,like,0.5325356
dinner,espresso,-0.284113897
dinner,express,-0.441339594
flowers,scents,1.557261349
flowers,sense,0.4877108
relaxes,scents,-0.308432318
relaxes,sense,-0.169718389
line,line,0.0
line,notebook,0.903179076
lion,notebook,-0.7695979
line,thin,0.338331687
lion,thin,-0.419814802
blue,line,-0.157081939
blue,lion,-0.252958436
line,lines,1.969654914
lines,lion,-0.494929592
line,printed,1.605647805
lion,printed,0.522480312
line,page,0.657603473
lion,page,-0.554333158
truth,truth,0.0
speaks,truth,0.364914804
speaks,tooth,-0.105486137
sillier,sillier,0.0
drinks,sillier,0.024929427
cilia,drinks,0.687012895
sillier,wine,-0.781135248
cilia,wine,0.10220985
sillier,starts,-0.892521153
cilia,starts,-0.659313288
acting,sillier,0.313399721
acting,cilia,-0.714045514
hair,hair,0.0
found,hair,-0.7075876
found,heir,0.286509718
cat,hair,0.534271753
cat,heir,-0.404544797
food,hair,-0.809638585
food,heir,-0.56818969
closing,closing,0.0
chairman,closing,-0.283435142
chairman,clothing,-0.259989929
closing,made,-0.55214269
clothing,made,-0.571370567
closing,remarks,1.423374168
clothing,remarks,-0.304208775
closing,end,1.423612408
clothing,end,-0.481286862
closing,meeting,-0.157331673
clothing,meeting,-0.577400912
ambulance,ambulance,0.0
ambulance,came,0.329503511
ambiance,came,-0.530520006
ambulance,car,0.907579954
ambiance,car,-0.522575571
accident,ambulance,1.355553511
accident,ambiance,-0.645031662
ambulance,minutes,-0.218042695
ambiance,minutes,-0.36323405
purchase,purchase,0.0
decided,purchase,0.555182431
decided,perches,1.012073649
new,purchase,1.531019996
new,perches,-0.7695979
car,purchase,0.213313343
car,perches,-0.504665099
reward,reward,0.0
gave,reward,0.860334601
gave,reword,0.241366219
reward,working,0.767041869
reword,working,0.57540622
hard,reward,0.612942695
hard,reword,-0.420520005
reward,year,-0.449563877
reword,year,-0.690380914
mass,mass,0.0
mass,people,0.807709142
math,people,0.602584755
mass,town,1.444670786
math,town,-0.645068878
mass,square,-0.089224038
math,square,1.577643849
concert,mass,-0.023313737
concert,math,-0.699429273
steeler,steeler,0.0
covered,steeler,-0.860962584
covered,stealer,-0.485689188
steel,steeler,0.655757188
stealer,steel,-0.407499759
wicked,wicked,0.0
man,wicked,-0.155749898
man,wicker,-0.25478134
took,wicked,-0.448858807
took,wicker,-0.59968241
child,wicked,-0.122278624
child,wicker,-0.645228175
parents,wicked,-0.580441437
parents,wicker,-0.681714376
special,special,0.0
birthday,special,0.564068447
birthday,spatial,-0.7695979
party,special,0.201366098
party,spatial,-0.356100629
occasion,special,1.337659399
occasion,spatial,-0.16945941
world,world,0.0
possible,world,-0.128561153
possible,whirled,-0.612533504
fly,world,0.017802493
fly,whirled,0.014972298
airplane,world,0.184282602
airplane,whirled,1.809152197
scissors,scissors,0.0
hairdressers,scissors,1.510471023
caesars,hairdressers,-0.683678799
scissors,use,-0.044843746
caesars,use,-0.681714376
cut,scissors,1.858618329
caesars,cut,0.113397662
people's,scissors,-0.96805301
caesars,people's,0.009619878
hair,scissors,1.07581798
caesars,hair,-0.295752751
lunch,lunch,0.0
lunch,sandwich,1.641712312
launch,sandwich,-0.182571337
blue,blue,0.0
blue,yellow,1.11300449
bloom,yellow,0.560437363
blue,make,-0.64703271
bloom,make,0.324617022
blue,green,0.985022116
bloom,green,1.462651178
free,free,0.0
free,twenty,0.760804897
flea,twenty,-0.681714376
free,years,-0.813478871
flea,years,-0.7695979
free,prison,0.202715519
flea,prison,0.070739287
free,man,0.572501949
flea,man,-0.128888689
feelings,feelings,0.0
feelings,strong,0.348675052
fillings,strong,0.62937085
criticism,feelings,0.482983263
criticism,fillings,0.908927042
feelings,hurt,0.956918141
fillings,hurt,0.558578842
daughter's,feelings,0.410198642
daughter's,fillings,-0.511474867
salvation,salvation,0.0
minister,salvation,0.8035694
minister,salivation,-0.681714376
prayed,salvation,1.049995189
prayed,salivation,0.619095238
evil,salvation,-0.081232453
evil,salivation,-0.713495825
salvation,woman's,-0.536999554
salivation,woman's,-0.150385398
office,office,0.0
office,skyscraper,0.726948229
orifice,skyscraper,0.05529215
bail,bail,0.0
bail,posted,0.906327401
braille,posted,-0.496644319
5000,bail,1.267019246
5000,braille,-0.690380914
bail,brother's,-0.661081037
braille,brother's,-0.681173131
bail,release,1.373203055
braille,release,-0.287406687
bail,jail,0.280430967
braille,jail,-0.7695979
spur,spur,0.0
boss,spur,-0.595740934
boss,sperm,-0.664279177
called,spur,-0.624354943
called,sperm,0.009470889
spur,workers,-0.585301487
sperm,workers,-0.422964745
spur,together,-0.121159913
sperm,together,-0.193452455
crime,crime,0.0
crime,police,1.593313223
grime,police,-0.372549052
crime,fight,0.568351977
fight,grime,-0.577758976
crime,murder,1.363007655
grime,murder,-0.061794159
crime,theft,1.603320803
grime,theft,-0.057313734
crime,drug,1.371112841
drug,grime,-0.546767652
crime,dealing,0.434237825
dealing,grime,-0.326261968
pock,pock,0.0
pock,smallpox,1.044220866
epoch,smallpox,-0.084235251
left,pock,-0.594774856
epoch,left,-0.690380914
bones,bones,0.0
bones,give,-0.627803565
bonus,give,0.018227744
bones,shape,0.792297792
bonus,shape,-0.583869139
habit,habit,0.0
habit,smoking,1.496313241
hobbit,smoking,-0.478462194
bad,habit,1.213178836
bad,hobbit,0.515070689
screening,screening,0.0
screening,went,-0.542885724
screaming,went,-0.346660968
screening,together,-0.57231643
screaming,together,-0.001004936
Holmes,holmes,0.0
holmes,ohms,0.0
Holmes,really,-0.782199101
ohms,really,-0.354215744
Holmes,reading,0.058973573
ohms,reading,1.091778841
Holmes,books,0.810892051
books,ohms,-0.413500898
can't,can't,0.0
can't,remember,0.107445707
kant,remember,-0.502121444
can't,time,0.921001675
kant,time,0.953435453
can't,happened,-0.488716961
happened,kant,-0.613538942
temper,temper,0.0
bad,temper,1.265653289
bad,tamper,0.475771756
easily,temper,-0.346537065
easily,tamper,-0.461026758
angered,temper,1.012319926
angered,tamper,-0.466430745
late,late,0.0
late,meeting,0.500770641
latte,meeting,-0.136641947
liable,liable,0.0
liable,rental,0.285312976
libel,rental,-0.507406235
contracts,liable,0.364834585
contracts,libel,0.523551247
liable,state,-0.569536327
libel,state,-0.462207218
liable,tenants,0.177945458
libel,tenants,-0.542136996
damages,liable,1.527645132
damages,libel,1.487746281
cause,liable,0.938817642
cause,libel,0.120356935
liable,property,1.414342741
libel,property,0.205795169
twist,twist,0.0
pieces,twist,-0.436844529
pieces,tryst,-0.178385806
thread,twist,1.256833547
thread,tryst,-0.554764086
needle,twist,-0.616427486
needle,tryst,-0.031199476
profane,profane,0.0
man,profane,-0.221000835
man,propane,-0.393568751
profane,uses,-0.448570537
propane,uses,0.28811916
leaving,leaving,0.0
leaving,work,-0.238240482
leafing,work,0.084019309
leaving,right,-1.005784866
leafing,right,-0.520899483
Lambs,lambs,0.0
lambs,yams,0.0
Lambs,family,-0.599872094
family,yams,-0.427729934
Lambs,roast,0.851946622
roast,yams,1.114613861
Lambs,leg,0.499638956
leg,yams,-0.422296246
Lambs,dinner,0.715418124
dinner,yams,2.165823373
talking,talking,0.0
friend,talking,1.474498319
friend,tolkien,-0.645068878
talking,whole,-0.871315811
tolkien,whole,-0.576033542
talking,time,-0.371245625
time,tolkien,-0.07646002
magnet,magnet,0.0
desk,magnet,-0.226733883
desk,magnate,0.298600455
holds,magnet,0.504277457
holds,magnate,-0.065183857
magnet,paper,-0.304500379
magnate,paper,-0.320379363
clips,magnet,0.122887777
clips,magnate,0.276468459
raving,raving,0.0
mad,raving,1.371827409
mad,raven,0.149755222
man,raving,-0.546893033
man,raven,-0.408885865
frightened,raving,0.710965562
frightened,raven,-0.171396955
raving,those,-0.767759358
raven,those,-0.544168858
alcohol,alcohol,0.0
alcohol,burns,0.229593159
alkaline,burns,0.505826658
alcohol,easily,-0.503992782
alkaline,easily,-0.290505374
slave,slave,0.0
slave,told,-0.681469513
shave,told,-0.690380914
slave,work,1.289300491
shave,work,0.283711784
late,slave,-0.789429632
late,shave,-0.404403087
holiday,slave,-0.737205823
holiday,shave,-0.073798857
aching,aching,0.0
aching,back,0.894540471
aiken,back,-0.490314868
aching,sitting,-0.255217858
aiken,sitting,-0.571526755
irritation,irritation,0.0
irritation,tried,-0.064230899
irrigation,tried,-0.203663255
hide,irritation,-0.490253617
hide,irrigation,-0.690380914
irritation,showed,-0.148753998
irrigation,showed,0.010141543
face,irritation,-0.181512568
face,irrigation,-0.7695979
ante,ante,0.0
ante,made,-0.810472964
auntie,made,-0.272201719
ante,offer,0.500563907
auntie,offer,-0.531440393
ante,buy,0.308085211
auntie,buy,-0.542642046
ante,house,-0.375517823
auntie,house,-0.4849016
ante,owner,-0.940417014
auntie,owner,-0.233108737
future,future,0.0
future,knows,0.147976917
fuchsia,knows,-0.681714376
future,happen,0.692699488
fuchsia,happen,-0.599540333
tell,tell,0.0
story,tell,1.161450033
story,till,-0.469053832
child,tell,0.241234743
child,till,-0.612533504
night,tell,-0.901046457
night,till,-0.277410392
how's,how's,0.0
asked,how's,0.270005063
asked,house,-0.245116346
fire,fire,0.0
fire,sat,-0.642584366
eire,sat,-0.681714376
fire,keep,-0.768492084
eire,keep,-0.597326311
fire,warm,0.849014018
eire,warm,-0.531678516
help,help,0.0
gave,help,0.908712967
alp,gave,-0.737328199
friend,help,0.919786418
alp,friend,-0.577738637
help,homework,0.662564313
alp,homework,-0.641711004
guarding,guarding,0.0
dog,guarding,0.857860422
dog,garden,-0.156266765
guarding,just,-0.648651142
garden,just,-0.608500438
guarding,mean,-0.134316388
garden,mean,-0.654750174
guarding,scare,-0.19021425
garden,scare,-0.660889498
been,been,0.0
been,long,-0.421367959
bean,long,-0.006859335
been,time,-0.059106523
bean,time,-0.612533504
been,saw,-0.239116903
bean,saw,-0.5805929
order,order,0.0
arranged,order,1.098840953
arranged,odor,-0.160046421
newspapers,order,-0.019865689
newspapers,odor,-0.468069427
dates,order,0.55582649
dates,odor,1.04438851
lot,lot,0.0
decided,lot,-0.520075148
decided,watt,-0.425054722
leave,lot,-0.611990186
leave,watt,-0.716885504
car,lot,0.555339105
car,watt,0.564737924
lot,parking,1.791723697
parking,watt,-0.612533504
best,best,0.0
best,student,0.357354688
pest,student,0.024166403
best,class,0.084489018
class,pest,-0.53669697
crack,crack,0.0
crack,drinking,-0.568706521
crank,drinking,-0.437201779
crack,glass,0.229977639
crank,glass,0.124713992
lag,lag,0.0
communications,lag,0.11506706
communications,leg,-0.652512612
lag,not,-0.734899331
leg,not,-0.664279177
hear,lag,-0.894547741
hear,leg,-0.582302365
lag,news,-0.788137903
leg,news,-0.577738637
lag,until,0.333944221
leg,until,-0.690511956
days,lag,-0.367382029
days,leg,-0.593187373
lag,later,0.436060915
later,leg,-0.715633112
decay,decay,0.0
decay,result,-0.158389626
decade,result,0.036597285
decay,poor,0.363239603
decade,poor,-0.321015949
decay,dental,1.574917546
decade,dental,-0.497982126
decay,hygiene,0.668785439
decade,hygiene,-0.557327474
traumatic,traumatic,0.0
car,traumatic,-0.167779699
car,dramatic,-0.666140104
accident,traumatic,0.685693472
accident,dramatic,-0.091965215
traumatic,very,0.465952561
dramatic,very,-0.271256247
experience,traumatic,1.107196633
dramatic,experience,-0.387713677
incident,traumatic,1.070651325
grammatic,incident,-0.597326311
left,traumatic,-0.452771076
grammatic,left,-0.484750985
scarred,traumatic,1.186655805
grammatic,scarred,-0.509989383
hostile,hostile,0.0
driver,hostile,0.124091538
driver,hosta,-0.577738637
attitude,hostile,0.750991406
attitude,hosta,-0.528231672
doubling,doubling,0.0
amount,doubling,0.824345895
amount,dublin,-0.690380914
business,doubling,0.054752075
business,dublin,0.415081199
doubling,makes,-0.402222701
dublin,makes,-0.585539986
doubling,year,-0.737205823
dublin,year,-0.7695979
prison,prison,0.0
prison,sent,0.045516466
prism,sent,-0.425974304
prison,robbing,0.950511053
prism,robbing,-0.498339995
bank,prison,-0.091331817
bank,prism,-0.536731888
bridge,bridge,0.0
bridge,trains,1.074483204
fridge,trains,-0.36129733
bridge,go,-0.496029339
fridge,go,-0.314074626
bridge,river,1.155381151
fridge,river,-0.750244648
chief,chief,0.0
chief,leader,1.120057939
leader,thief,0.114813944
chief,native,0.925069784
native,thief,-0.255735163
american,chief,-0.210297668
american,thief,-0.026080507
chief,tribe,1.598825715
thief,tribe,0.177698611
chief,known,-0.600779155
known,thief,-0.070309294
resolution,resolution,0.0
admired,resolution,-0.881816698
admired,revolution,-0.570382197
quit,resolution,0.04402441
quit,revolution,0.035344219
resolution,smoking,-0.255207855
revolution,smoking,-0.146826509
Pants,pants,0.0
pants,plants,0.0
Pants,legs,0.65430671
legs,plants,0.074378023
Pants,cold,-0.252607863
cold,plants,-0.384164048
Pants,put,-0.388506771
plants,put,0.29115998
Pants,pair,1.658161644
pair,plants,-0.339179555
insider,insider,0.0
get,insider,-0.580089145
get,incisor,-0.414505745
insider,lot,-0.526307077
incisor,lot,-0.647263789
insider,trouble,-0.387881741
incisor,trouble,-0.221151376
minds,minds,0.0
great,minds,0.514249067
great,mimes,0.088093548
minds,think,1.404774565
mimes,think,0.187931852
alike,minds,0.750183181
alike,mimes,0.732431154
littering,littering,0.0
caught,littering,0.025925019
caught,glittering,-0.583648795
littering,pay,-0.244670733
glittering,pay,-0.407004572
fine,littering,1.029592653
fine,glittering,0.774422755
attitude,attitude,0.0
attitude,work,-0.017556673
altitude,work,-0.397202182
presents,presents,0.0
presents,wait,-0.267338787
presence,wait,0.226824712
open,presents,1.023856705
open,presence,0.037141579
next,next,0.0
next,time,0.222486758
necks,time,-0.325761723
late,next,-0.467570749
late,necks,-0.580605759
next,you'll,-0.624395617
necks,you'll,-0.690380914
next,trouble,-0.702771942
necks,trouble,-0.407862784
destruction,destruction,0.0
destruction,hurricane,1.602162866
digestion,hurricane,-0.681714376
causes,destruction,1.645167591
causes,digestion,-0.25647317
destruction,great,-0.237106996
digestion,great,0.105648034
buildings,destruction,0.42365357
buildings,digestion,-0.850490932
destruction,trees,0.308182602
digestion,trees,-0.536731888
cream,cream,0.0
butter,cream,1.150166867
butter,ream,-0.324140823
cream,made,-0.229606144
made,ream,-0.56190314
see,see,0.0
able,see,-0.084950902
able,seize,0.112057206
clearly,see,0.916973255
clearly,seize,-0.541810342
getting,see,-0.537299592
getting,seize,0.137021764
glasses,see,1.233178845
glasses,seize,-0.660889498
offer,offer,0.0
offer,very,-0.712107015
author,very,-0.554102897
considerate,offer,0.672582328
author,considerate,0.178503386
give,offer,2.178092123
author,give,-0.404720482
offer,ride,0.097546003
author,ride,-0.56818969
sauce,sauce,0.0
love,sauce,-0.81826748
love,source,-0.30152221
eat,sauce,1.933806177
eat,source,0.160815651
chocolate,sauce,0.58244089
chocolate,source,-0.7695979
sauce,vanilla,-0.201152506
source,vanilla,-0.433312662
ice,sauce,-0.760773984
ice,source,0.283648575
cream,sauce,0.863532173
cream,source,-0.389047651
pays,pays,0.0
company,pays,0.467312406
company,paste,-0.39047325
employees,pays,1.049992445
employees,paste,-0.645031662
pays,weeks,0.260314402
paste,weeks,-0.682425965
express,express,0.0
express,learn,0.164828801
espresso,learn,-0.548789898
express,feelings,1.434281812
espresso,feelings,-0.133460282
better,express,-0.585132085
better,espresso,-0.396014078
sense,sense,0.0
good,sense,0.782137186
good,scents,1.101292238
business,sense,1.251973544
business,scents,-0.452653338
prophet,prophet,2.0
profit,prophet,0.0
atheism,prophet,0.043975327
atheism,profit,-0.293007439
non,prophet,-0.650018431
non,profit,0.76452703
organization,prophet,0.123608176
organization,profit,1.344302809
pi,pi,2.0
pi,pie,0.0
circumference,pi,1.110707202
circumference,pie,1.192320265
get,pi,-0.532050103
get,pie,-0.213873793
large,pi,-0.196874277
large,pie,0.203214357
knead,knead,2.0
knead,need,0.0
bakers,knead,1.643374608
bakers,need,-0.430311199
basis,knead,-0.724020559
basis,need,0.363879125
bread,knead,1.618475041
bread,need,-0.10745158
knead,know,-0.664626706
know,need,-0.08894483
knead,recipes,1.004924966
need,recipes,-0.181518542
knead,trade,-0.58008783
need,trade,0.499910519
oar,oar,2.0
oar,or,0.0
choose,oar,-0.51196844
choose,or,1.166963655
either,oar,-0.745201312
either,or,1.802274457
indecisive,oar,-0.736316505
indecisive,or,0.924511546
not,oar,-0.73898887
not,or,0.061294261
oar,rower,1.833928909
or,rower,-0.722767904
tiers,tiers,2.0
tears,tiers,0.0
cake,tiers,0.847840122
cake,tears,-0.733195769
emotional,tiers,-0.093719285
emotional,tears,1.613409237
even,tiers,-0.21256834
even,tears,-0.643260403
tiers,wedding,0.363679868
tears,wedding,1.167013135
poll,poll,2.0
pole,poll,0.0
conduct,poll,0.79637133
conduct,pole,-0.131050615
country,poll,-0.020817463
country,pole,-0.441639232
decided,poll,0.888379398
decided,pole,-0.438823318
flag,poll,0.519522756
flag,pole,1.600043247
new,poll,-0.30941208
new,pole,-0.573021617
bored,bored,2.0
board,bored,0.0
bored,chairman,-0.257766851
board,chairman,1.891566794
bored,executive,-0.232066116
board,executive,1.514850716
bored,meetings,0.256531919
board,meetings,0.957355228
greece,greece,2.0
grease,greece,0.0
donuts,greece,-0.497489011
donuts,grease,0.661854871
greece,know,-0.577456692
grease,know,-0.669045928
greece,made,-0.564552226
grease,made,-0.586369571
sine,sine,2.0
sign,sine,0.0
above,sine,-0.539975973
above,sign,-0.011263401
hoping,sine,-0.763760078
hoping,sign,-0.145123348
prayed,sine,-0.781460533
prayed,sign,0.347605059
sine,tests,-0.122511114
sign,tests,-0.19480109
sine,trigonometry,1.282836716
sign,trigonometry,0.636264574
principal,principal,2.0
principal,principle,0.0
disliked,principal,-0.136515567
disliked,principle,0.099790292
john,principal,-0.059251367
john,principle,-0.438655141
just,principal,0.366797927
just,principle,1.030609819
not,principal,-0.750032
not,principle,-0.574541502
principal,school,1.99747003
principle,school,1.0686167
cd,cd,2.0
cd,seedy,0.0
cd,music,1.794118677
music,seedy,-0.31297692
cd,part,-0.422293117
part,seedy,-0.118107336
cd,stores,0.803521617
seedy,stores,-0.392169307
cd,town,-0.67697029
seedy,town,-0.143891918
hare,hare,2.0
hair,hare,0.0
got,hare,-0.805884849
got,hair,-0.523207923
hare,mad,-0.399919617
hair,mad,-0.399004337
hare,magician,1.267423786
hair,magician,-0.520019328
hare,out,-0.832510067
hair,out,-0.341957696
hare,pulled,-0.746881884
hair,pulled,0.793711827
knotty,knotty,2.0
knotty,naughty,0.0
admonished,knotty,-0.648839231
admonished,naughty,0.304300529
apparently,knotty,-0.750032
apparently,naughty,-0.483787797
father,knotty,-0.795986539
father,naughty,-0.415566217
knotty,pine,-0.160851791
naughty,pine,-0.793461446
knotty,sapling,0.091068985
naughty,sapling,-0.624846796
knotty,young,-0.639578699
naughty,young,0.14893242
taut,taut,2.0
taught,taut,0.0
learn,taut,-0.576975932
learn,taught,1.71226036
rope,taut,0.868287367
rope,taught,-0.121058026
taut,tricks,-0.474706301
taught,tricks,0.383502192
marx,marx,2.0
marks,marx,0.0
class,marx,0.578105668
class,marks,0.545062066
communism,marx,1.31724495
communism,marks,-0.606476564
dropped,marx,-0.781460533
dropped,marks,-0.166436781
lousy,marx,-0.700099018
lousy,marks,-0.02914144
marx,out,-0.706776015
marks,out,-0.468658789
hi,hi,2.0
hi,high,0.0
boy,hi,-0.417689106
boy,high,-0.437116177
hi,instinctively,-0.349854622
high,instinctively,-0.38716255
hi,natural,-0.689691795
high,natural,-0.157847829
hi,people,0.071003092
high,people,-0.059803808
hi,waves,-0.20390641
high,waves,0.804602748
daze,daze,2.0
days,daze,0.0
daze,end,-0.781159905
days,end,-0.001792814
daze,having,-0.930877055
days,having,-0.402625515
daze,longs,-0.340935657
days,longs,-0.17518217
daze,school,-0.178407141
days,school,0.829777152
daze,teacher,-0.653580937
days,teacher,-0.010627663
daze,time,-0.436061797
days,time,1.575538749
daze,tough,-0.333186385
days,tough,0.093878323
prose,prose,2.0
pros,prose,0.0
authors,prose,0.915941599
authors,pros,0.040325601
cons,prose,-0.587049833
cons,pros,1.562762916
jail,prose,-0.696797307
jail,pros,-0.674232177
plane,plane,2.0
plain,plane,0.0
eat,plane,-0.144761088
eat,plain,-0.226245133
expect,plane,-0.382682084
expect,plain,-0.672960552
fancy,plane,-0.202904824
fancy,plain,0.324450008
flying,plane,1.816222237
flying,plain,-0.512024581
food,plane,0.151330212
food,plain,0.23343159
not,plane,-0.749886832
not,plain,-0.288942001
dam,dam,2.0
dam,damn,0.0
beaver,dam,1.758858353
beaver,damn,0.156040259
best,dam,-0.739470846
best,damn,-0.310985493
dam,ever,-0.714138324
damn,ever,-0.570525947
dam,movie,-0.735985557
damn,movie,-0.585364406
dam,night,-0.520710889
damn,night,-0.514829836
dam,saw,-0.307453941
damn,saw,-0.763361954
dam,seen,-0.690693545
damn,seen,-0.680358393
hertz,hertz,2.0
hertz,hurts,0.0
computer,hertz,1.118191817
computer,hurts,-0.50140918
hertz,slow,-0.302989984
hurts,slow,-0.470437756
role,role,2.0
role,roll,0.0
actors,role,1.601986906
actors,roll,-0.305783932
great,role,-0.283150414
great,roll,-0.515024286
movie,role,1.532476003
movie,roll,0.594719169
collar,collar,2.0
caller,collar,0.0
collar,id,0.40944158
caller,id,1.368685278
collar,man,0.233988351
caller,man,0.085463008
collar,name,-0.106902364
caller,name,0.722813874
collar,neck,1.638391002
caller,neck,-0.492296779
collar,put,-0.622695174
caller,put,-0.719297165
collar,shirt,1.569426463
caller,shirt,-0.621766767
steal,steal,2.0
steal,steel,0.0
muscles,steal,-0.453849102
muscles,steel,-0.143208756
steal,thieves,2.083308461
steel,thieves,-0.301460132
dye,dye,2.0
die,dye,0.0
actress,dye,-0.191653442
actress,die,-0.37253657
dye,gray,0.733598121
die,gray,0.011905704
dye,hair,1.523473926
die,hair,-0.704851099
dye,saw,-0.701321696
die,saw,-0.302942596
dye,strands,0.594733015
die,strands,-0.437879686
dye,thought,-0.82578583
die,thought,-0.598395341
waist,waist,2.0
waist,waste,0.0
belt,waist,1.597962543
belt,waste,-0.347338501
cardboard,waist,-0.76867622
cardboard,waste,0.720292439
paper,waist,-0.586922992
paper,waste,0.715106249
feet,feet,2.0
feat,feet,0.0
able,feet,-0.318576775
able,feat,0.192267427
being,feet,-0.606391309
being,feat,-0.32027531
feet,fit,-0.037323991
feat,fit,-0.561509507
feet,fourteen,0.377560615
feat,fourteen,-0.690051472
feet,quite,-0.593675754
feat,quite,-0.190079146
feet,shoes,1.661397429
feat,shoes,-0.582987908
feet,size,0.721870727
feat,size,-0.45251572
aloud,aloud,2.0
allowed,aloud,0.0
aloud,mime,-0.332451663
allowed,mime,-0.701130918
aloud,not,-0.538579436
allowed,not,-0.329427842
aloud,say,1.335776396
allowed,say,-0.033663658
aloud,wanted,-0.635801964
allowed,wanted,0.328884943
pail,pail,2.0
pail,pale,0.0
buckets,pail,1.416678201
buckets,pale,-0.029501143
carry,pail,0.829926254
carry,pale,-0.217803528
feeling,pail,-0.685825422
feeling,pale,-0.256058431
pail,start,-0.712694931
pale,start,-0.750168933
pail,those,-0.716689837
pale,those,-0.83061309
manor,manor,2.0
manner,manor,0.0
castle,manor,1.698588817
castle,manner,0.10552875
home,manor,1.322936486
home,manner,-0.345664258
man's,manor,-0.272675645
man's,manner,-0.295230845
manor,speaking,-0.458717251
manner,speaking,0.646434966
cache,cache,2.0
cache,cash,0.0
cache,chips,-0.819637414
cash,chips,0.7956559
cache,computer,1.505761556
cash,computer,-0.123120412
cache,ended,-0.603802302
cash,ended,-0.454443007
cache,online,1.029892406
cash,online,-0.181050587
cache,poker,-0.2132602
cash,poker,1.316488685
cache,suddenly,-0.675640845
cash,suddenly,-0.56330868
cache,tournament,-0.729033819
cash,tournament,0.755545695
reign,reign,2.0
rain,reign,0.0
britain,reign,1.042022668
britain,rain,0.061046913
long,reign,0.642961873
long,rain,-0.350116242
place,reign,-0.024887767
place,rain,-0.136697917
queen,reign,1.752883517
queen,rain,-0.702310804
reign,wet,-0.759895853
rain,wet,2.093230813
thyme,thyme,2.0
thyme,time,0.0
extra,thyme,-0.718040206
extra,time,0.421663016
gardeners,thyme,1.344828955
gardeners,time,-0.444254531
get,thyme,-0.459086859
get,time,-0.3333092
herb,thyme,1.966137607
herb,time,-0.532604413
thyme,work,-0.633998157
time,work,0.870582592
pore,pore,2.0
poor,pore,0.0
bad,pore,-0.52912533
bad,poor,0.507396557
excuse,pore,-0.797260382
excuse,poor,0.546949903
pore,say,-0.721007352
poor,say,-0.598910423
pore,skin,1.711512432
poor,skin,-0.24986229
gilt,gilt,2.0
gilt,guilt,0.0
complex,gilt,-0.330724331
complex,guilt,0.662758497
gilt,gold,0.294488666
gold,guilt,-0.391441182
gilt,like,-0.379747841
guilt,like,-0.621661154
gilt,paint,-0.023620318
guilt,paint,-0.781460533
gilt,people,-0.302710537
guilt,people,0.305665447
err,heir,0.0
heir,human,0.509669411
err,human,0.408764856
son,son,2.0
son,sun,0.0
boy,son,1.493254391
boy,sun,-0.761227994
got,son,-0.750504706
got,sun,-0.646079413
only,son,0.055293382
only,sun,-0.665076312
rest,son,-0.494602382
rest,sun,-0.515133451
c's,c's,2.0
c's,seas,0.0
c's,cannot,-0.561368366
cannot,seas,-0.834120549
c's,high,-0.577071422
high,seas,1.15987515
c's,hit,-0.752815211
hit,seas,-0.617809813
c's,make,-0.583384169
make,seas,-0.650018431
c's,novice,-0.620696349
novice,seas,-0.59044442
c's,pirates,-0.750032
pirates,seas,1.633184002
c's,singers,-0.351746838
seas,singers,-0.721792247
c's,terrible,-0.480278263
seas,terrible,0.208366564
watt,what,0.0
bright,watt,1.27752717
bright,what,-0.808464664
electrician,watt,1.599986887
electrician,what,-0.565610687
knows,watt,-0.750032
knows,what,0.249689963
spark,watt,0.669217971
spark,what,-0.667509975
watt,what's,-0.750032
what,what's,1.727922581
razor,razor,2.0
raiser,razor,0.0
budget,razor,-0.576139639
budget,raiser,-0.304511824
fund,razor,-0.729274222
fund,raiser,0.810271506
mayor,razor,-0.795271193
mayor,raiser,-0.482292327
razor,slash,1.301105911
raiser,slash,-0.899042296
razor,turned,-0.706402674
raiser,turned,-0.628219204
razor,wanted,-0.461981485
raiser,wanted,-0.503213354
knot,knot,2.0
knot,not,0.0
boyscouts,knot,1.270743321
boyscouts,not,-0.764521658
knot,know,-0.671753276
know,not,-0.418404378
knot,ropes,1.821020782
not,ropes,-0.748587042
knot,tie,1.837738897
not,tie,-0.658961115
wood,wood,2.0
wood,would,0.0
ask,wood,-0.74058236
ask,would,0.281509494
trees,wood,2.166448306
trees,would,-0.589968992
grader,grader,2.0
grader,grater,0.0
afraid,grader,-0.628551925
afraid,grater,-0.660464671
cheddar,grader,-0.1587744
cheddar,grater,1.420513106
cheese,grader,0.057620908
cheese,grater,1.660631265
colby,grader,-0.446397203
colby,grater,0.304746483
grader,jack,-0.518138013
grater,jack,-0.583510489
grader,jr,-0.465027397
grater,jr,-0.812516837
grader,person,0.508207023
grater,person,-0.75143754
grader,school,1.38403971
grater,school,-0.887355743
eye,eye,2.0
eye,i,0.0
blind,eye,1.633367495
blind,i,-0.682200263
eye,see,1.716412583
i,see,-0.407484277
cell,cell,2.0
cell,sell,0.0
biology,cell,1.899746806
biology,sell,-0.668966778
cell,keep,-0.167399992
keep,sell,0.284274609
cell,know,-0.600469468
know,sell,-0.406087292
cell,program,-0.188208976
program,sell,0.163641109
cell,whether,-0.70958237
sell,whether,-0.557729007
scent,scent,2.0
cent,scent,0.0
cost,scent,-0.718257531
cent,cost,1.670044311
get,scent,-0.77925162
cent,get,-0.590832723
rid,scent,-0.244247527
cent,rid,-0.686738689
scent,smell,2.062695781
cent,smell,-0.846756795
course,course,2.0
coarse,course,0.0
class,course,1.427448953
class,coarse,-0.333612223
course,just,-0.51112576
coarse,just,-0.606275298
course,liking,-0.480204271
coarse,liking,-0.687722396
course,rough,0.101915678
coarse,rough,1.849272922
course,stick,-0.582361944
coarse,stick,-0.381049564
course,tried,-0.151422091
coarse,tried,-0.722080095
deer,deer,2.0
dear,deer,0.0
deer,pet,0.228277311
dear,pet,0.1898141
deer,very,-0.82008547
dear,very,-0.202505068
bee,bee,2.0
be,bee,0.0
bee,hive,1.99161332
be,hive,-0.67396499
bee,long,-0.676077564
be,long,-0.371411379
bee,want,-0.543120328
be,want,-0.212850968
brake,brake,2.0
brake,break,0.0
brake,careful,0.678402617
break,careful,0.065577869
brake,fast,0.659288052
break,fast,0.481797687
brake,not,-0.701227256
break,not,-0.585134454
brake,really,-0.653005421
break,really,-0.433639757
brake,run,-0.036327434
break,run,0.360466076
flour,flour,2.0
flour,flower,0.0
brought,flour,-0.558813333
brought,flower,0.069641627
chef,flour,1.383582874
chef,flower,-0.748757797
day,flour,-0.652054579
day,flower,0.027390137
flour,girlfriend,-0.785812624
flower,girlfriend,0.549974398
flour,pastry,1.813321928
flower,pastry,-0.338104018
flour,valentine's,-0.564782772
flower,valentine's,1.36529413
fare,fare,2.0
fair,fare,0.0
driver,fare,0.801534234
driver,fair,-0.431253583
fare,insisted,-0.667750995
fair,insisted,-0.061648
fare,toll,1.556833585
fair,toll,0.367733434
fare,wasn't,-0.640278029
fair,wasn't,-0.035485422
heel,heel,2.0
heal,heel,0.0
foot,heel,1.940974239
foot,heal,-0.087361429
heel,injured,0.057277285
heal,injured,1.472511115
heel,just,-0.824635495
heal,just,-0.688196532
hymn,hymn,2.0
him,hymn,0.0
hymn,perform,0.661800948
him,perform,0.109566256
hymn,priest,1.136078096
him,priest,0.835605283
hymn,song,1.83254005
him,song,-0.550481657
hymn,wrote,0.463668465
him,wrote,-0.268573499
no's,no's,2.0
knows,no's,0.0
best,no's,-0.580979706
best,knows,0.197022525
mother,no's,0.002822517
knows,mother,0.096348478
inn,inn,2.0
in,inn,0.0
hotel,inn,1.902320928
hotel,in,-0.065879193
inn,made,-0.564564491
in,made,-0.071033816
inn,sleep,1.426429404
in,sleep,-0.208159509
inn,stayed,0.708630598
in,stayed,0.302022196
inn,sure,-0.796065211
in,sure,-0.314133727
idol,idol,2.0
idle,idol,0.0
celebrity,idol,1.630079064
celebrity,idle,-0.497385494
idol,looking,-0.237904966
idle,looking,-0.067710448
idol,realized,-0.382846755
idle,realized,-0.71578071
idol,spent,-0.810311842
idle,spent,-0.533821451
idol,time,-0.582583342
idle,time,0.693466411
idol,want,0.125242085
idle,want,-0.65285615
maid,maid,2.0
made,maid,0.0
clean,maid,1.43335711
clean,made,-0.217471608
maid,up,-0.636687235
made,up,0.028415389
maid,want,-0.346160818
made,want,-0.390418074
nun,nun,2.0
none,nun,0.0
cared,nun,0.258241812
cared,none,-0.719476434
church,nun,1.511023217
church,none,-0.661351908
new,nun,-0.512519397
new,none,-0.636518895
nun,opened,-0.725367293
none,opened,-0.694379985
mourning,mourning,2.0
morning,mourning,0.0
cried,mourning,1.519026606
cried,morning,-0.622012371
mourning,up,-0.130271793
morning,up,0.98398147
mourning,woke,-0.343863179
morning,woke,1.54108883
meat,meat,2.0
meat,meet,0.0
butcher,meat,1.86152445
butcher,meet,-0.480239123
glad,meat,-0.624577141
glad,meet,0.214778506
meat,very,-0.750802155
meet,very,-0.635296521
reel,reel,2.0
real,reel,0.0
believe,reel,-0.517334344
believe,real,0.857271047
caught,reel,0.309116965
caught,real,-0.65036339
fisherman,reel,1.367889734
fisherman,real,-0.26450889
reel,think,-0.575037021
real,think,-0.281010289
pear,pear,2.0
pair,pear,0.0
brave,pear,-0.784706099
brave,pair,-0.727246795
enough,pear,-0.742273829
enough,pair,-0.415330884
farmer,pear,0.818799098
farmer,pair,-0.57056734
fruit,pear,1.888157498
fruit,pair,-0.064065931
grow,pear,0.684217304
grow,pair,-0.085698222
pray,pray,2.0
pray,prey,0.0
birds,pray,-0.31666961
birds,prey,0.980555011
parish,pray,1.555833381
parish,prey,-0.329569116
root,root,2.0
root,route,0.0
better,root,-0.653153598
better,route,-0.074700608
different,root,-0.628259539
different,route,0.072262058
farm,root,0.785424192
farm,route,-0.324646459
make,root,-0.640564017
make,route,-0.136643945
root,take,-0.599633919
route,take,0.425023793
root,tree,1.261934181
route,tree,-0.493103037
root,want,-0.821371667
route,want,-0.533964192
root,way,-0.54305294
route,way,1.57234326
biblical,prophet,1.588613486
biblical,profit,0.00843384
daniel,prophet,0.940627052
daniel,profit,-0.701428367
dreams,prophet,0.673356808
dreams,profit,-0.164648041
interpreting,prophet,0.582899177
interpreting,profit,-0.448113581
known,prophet,0.192213498
known,profit,-0.483403419
decimal,pi,1.946459381
decimal,pie,-0.161627302
number,pi,2.058125293
number,pie,-0.251554178
pi,places,-0.326949086
pie,places,-0.808465975
pi,recite,-0.258052741
pie,recite,-0.720087113
pi,ten,-0.015977827
pie,ten,-0.651001302
pi,up,-0.721837908
pie,up,-0.785131387
dough,knead,1.859791531
dough,need,-0.113527858
flour,knead,1.425382654
flour,need,-0.255373587
knead,make,0.636051115
make,need,0.120106683
knead,milk,-0.418691345
milk,need,-0.051775025
knead,together,0.501225391
need,together,-0.104110527
dipped,oar,0.221586022
dipped,or,-0.852013846
fisherman,oar,1.476556042
fisherman,or,-0.726638524
oar,river,1.530371105
or,river,-0.662561266
boxes,tiers,0.104462145
boxes,tears,-0.611327411
stacked,tiers,1.336318496
stacked,tears,-0.741184101
tiers,warehouse,-0.156484324
tears,warehouse,-0.680878901
candidates,poll,1.181304086
candidates,pole,0.061475531
conducted,poll,1.061170681
conducted,pole,-0.008450109
political,poll,1.476234187
pole,political,-0.000110261
poll,pollsters,1.681635713
pole,pollsters,0.039322063
poll,popularity,1.231242071
pole,popularity,-0.277710497
alone,bored,0.824396373
alone,board,-0.310851308
bored,man,0.075873275
board,man,-0.552081009
bored,old,-0.124639356
board,old,-0.386292183
bored,tears,0.032180425
board,tears,-0.578013409
bored,time,0.213716977
board,time,-0.526247032
country,greece,1.617425629
country,grease,-0.633069495
europe,greece,1.506384042
europe,grease,-0.489292516
greece,portion,-0.758430767
grease,portion,-0.488504997
greece,southern,0.196191163
grease,southern,-0.152857904
angle,sine,0.779476881
angle,sign,-0.000985124
function,sine,1.019378722
function,sign,0.439681017
mathematics,sine,1.447036089
mathematics,sign,0.848639387
high,principal,0.108839565
high,principle,0.202188802
local,principal,0.004982895
local,principle,-0.32475094
ms,principal,-0.180238084
ms,principle,-0.055012292
principal,wu,-0.670427616
principle,wu,-0.798160808
bought,cd,0.357280404
bought,seedy,-0.811990726
cd,classical,0.754552945
classical,seedy,-0.585794569
cd,new,0.196711267
new,seedy,-0.522052794
fields,hare,0.461547832
fields,hair,-0.568333956
hare,ran,0.445048512
hair,ran,-0.52966093
hare,rapidly,0.3918974
hair,rapidly,-0.642455018
knotty,made,-0.509212612
made,naughty,-0.625273489
cabin,knotty,-0.149091224
cabin,naughty,-0.53523303
between,taut,-0.287709939
between,taught,-0.666184019
clothesline,taut,0.552306178
clothesline,taught,-0.543429494
hangs,taut,0.243455661
hangs,taught,-0.58754546
poles,taut,-0.286158353
poles,taught,-0.735985557
german,marx,0.913342961
german,marks,0.259296529
karl,marx,1.430994181
karl,marks,-0.390664933
marx,philosopher,1.553897502
marks,philosopher,-0.477807527
hi,say,0.761917936
high,say,-0.470898835
hi,waved,1.72973703
high,waved,-0.148802992
bad,daze,-0.184595357
bad,days,0.537602261
daze,learning,-0.690780761
days,learning,-0.155835821
daze,news,-0.567643796
days,news,0.281946675
essays,prose,0.920121128
essays,pros,-0.418043865
novels,prose,1.42068533
novels,pros,-0.518240741
prose,written,1.32796995
pros,written,-0.421870713
airport,plane,1.712579248
airport,plain,-0.545519339
landed,plane,1.050391062
landed,plain,-0.538243281
building,dam,0.367174398
building,damn,-0.539332626
dam,logs,1.430668256
damn,logs,-0.121952542
dam,sticks,0.317012934
damn,sticks,-0.686561865
hertz,mega,0.779173478
hurts,mega,-0.57167944
hertz,processing,0.683483218
hurts,processing,-0.540497833
hertz,speed,0.178786499
hurts,speed,-0.301454813
hertz,thirty-three,-0.258263208
hurts,thirty-three,-0.762184863
leading,role,0.504945154
leading,roll,-0.357426361
plays,role,1.250637128
plays,roll,0.634214361
role,show,0.452865957
roll,show,-0.676772085
role,television,0.73476784
roll,television,-0.401643565
collar,dog,1.711357399
caller,dog,-0.381415794
collar,puts,-0.513290301
caller,puts,-0.526046813
collar,walking,0.767337859
caller,walking,-0.699444316
boy,steal,-0.319930983
boy,steel,-0.587491171
candy,steal,-0.094536379
candy,steel,-0.781460533
decided,steal,-0.465451553
decided,steel,-0.568402974
friend's,steal,-0.56195865
friend's,steel,-0.520115981
not,steal,-0.189663551
not,steel,-0.723041821
steal,wanted,0.492795816
steel,wanted,-0.618644422
dye,like,-0.781460533
die,like,-0.619684429
dye,not,-0.770518333
die,not,-0.324320723
dye,people,-0.26904247
die,people,1.357481
look,waist,-0.588764329
look,waste,-0.72069838
small,waist,0.54555294
small,waste,-0.590623453
tiny,waist,0.817679802
tiny,waste,-0.534166992
feet,hurting,0.399656575
feat,hurting,-0.487295336
feet,new,-0.68535866
feat,new,-0.374702209
feet,these,-0.326401163
feat,these,-0.748009219
aloud,class,-0.247762261
allowed,class,-0.08337789
aloud,poem,0.285366535
allowed,poem,-0.648521192
aloud,read,1.011726584
allowed,read,-0.384072101
aloud,student,-0.31438722
allowed,student,-0.392756171
clean,pail,0.454193468
clean,pale,0.108252618
filled,pail,0.640365217
filled,pale,-0.465606583
floor,pail,-0.027157293
floor,pale,-0.542267553
pail,water,1.506103593
pale,water,-0.205510526
pail,worker,-0.140034506
pale,worker,-0.407722609
huge,manor,0.769933737
huge,manner,-0.319066113
live,manor,0.878267984
live,manner,-0.08509899
manor,people,0.015243503
manner,people,0.361364864
manor,those,-0.812234947
manner,those,-0.5937837
manor,wealthy,1.284905544
manner,wealthy,-0.276843416
cache,copies,-0.02172846
cash,copies,-0.192477378
cache,database,0.776424805
cash,database,-0.34122505
cache,pages,0.137738536
cash,pages,-0.513410638
cache,stored,0.829207849
cash,stored,-0.233318436
cache,web,0.810127394
cash,web,-0.279163973
ended,reign,0.005525581
ended,rain,-0.342900913
heir,reign,1.112214591
heir,rain,-0.710023942
king's,reign,1.776843753
king's,rain,-0.66841483
reign,took,-0.113320681
rain,took,-0.620418969
chicken,thyme,0.702699467
chicken,time,-0.803956786
creamy,thyme,-0.373157708
creamy,time,-0.78174645
favorite,thyme,-0.757130331
favorite,time,-0.205737968
flavored,thyme,0.720140546
flavored,time,-0.744399398
meals,thyme,0.684309848
meals,time,0.511392483
sauce,thyme,0.675274507
sauce,time,-0.618491916
opening,pore,1.292710947
opening,poor,-0.592816125
pore,small,0.506945942
poor,small,0.125812672
pore,surface,0.729637206
poor,surface,-0.634197082
pore,very,-0.758430767
poor,very,0.113791966
covered,gilt,-0.202184731
covered,guilt,-0.201921939
frame,gilt,0.224066754
frame,guilt,0.159816498
british,err,-0.391015792
err,prince,-0.690269368
err,throne,-0.698889214
err,william,-0.540397823
daughter,son,1.763125915
daughter,sun,-0.630705819
c's,even,-0.499558249
even,seas,-0.111298652
c's,hard,-0.714930737
hard,seas,-0.044966371
c's,sing,-0.060591239
seas,sing,-0.611618683
c's,soprano,-0.539602268
seas,soprano,-0.671420259
bulb,what,-0.602217742
desk,what,-0.773342724
lamp,what,-0.69598325
light,what,-0.495548786
sixty,watt,1.02910921
sixty,what,-0.825991955
uses,what,-0.208917873
beard,razor,1.686142323
beard,raiser,-0.610927675
razor,shave,1.763154924
raiser,shave,-0.634807828
razor,used,0.323571408
raiser,used,-0.552589093
double,knot,0.739134619
double,not,-0.957397723
easy,knot,-0.391155438
easy,not,-0.106180819
get,wood,-0.301585774
get,would,-0.316938295
grader,hired,-0.196140338
grater,hired,-0.688166297
grader,score,1.456913574
grater,score,-0.483996304
grader,tests,1.239366364
grater,tests,-0.830644844
eye,poked,1.069338754
i,poked,-0.808131183
cell,learned,-0.383796696
learned,sell,-0.513759403
cell,works,-0.234275681
sell,works,0.283345321
scent,unpleasant,0.457821941
cent,unpleasant,-0.810026414
course,school,1.619394573
coarse,school,-0.208046982
course,took,0.543846748
coarse,took,-0.520769838
deer,forest,1.472165421
dear,forest,-0.564228102
angry,bee,0.221877067
angry,be,0.052633205
bee,honey,1.842053559
be,honey,-0.528261049
bee,steal,-0.728146168
be,steal,-0.735489128
bee,stung,1.794922544
be,stung,-0.580402332
bee,tried,-0.639042341
be,tried,-0.305108788
brake,cars,1.804849918
break,cars,0.028044041
brake,slowly,0.825203011
break,slowly,-0.208863457
baking,flour,1.223055747
baking,flower,-0.575903516
different,flour,-0.658578307
different,flower,-0.504582606
flour,kinds,-0.421216307
flower,kinds,0.03446625
flour,use,-0.213368815
flower,use,-0.419227853
fare,paid,1.159565545
fair,paid,-0.027407556
bruised,heel,0.293676601
bruised,heal,1.118415119
heel,walking,1.670247066
heal,walking,0.091783129
church,hymn,1.689324454
church,him,0.352158611
hymn,sang,1.569489363
him,sang,-0.505817434
answered,no's,0.415864512
answered,knows,1.265951772
no's,string,-0.707908246
knows,string,-0.732012509
famous,idol,1.566587652
famous,idle,-0.405166975
idol,movie,1.063241676
idle,movie,-0.326844709
idol,star,1.585715064
idle,star,-0.250163244
hired,maid,0.943186677
hired,made,-0.211003158
kind,nun,0.67936669
kind,none,-0.709886221
nun,pious,0.884351047
none,pious,-0.425583558
nun,very,-0.849311361
none,very,-0.430725528
died,mourning,1.629802491
died,morning,-0.607965686
loved,mourning,0.73364003
loved,morning,-0.364996225
like,meat,-0.395840073
like,meet,0.057354067
meat,vegetarians,0.604443795
meet,vegetarians,-0.641859781
fish,reel,1.640762987
fish,real,-0.402162931
need,reel,-0.762973747
need,real,-0.282585301
apples,pear,1.278435678
apples,pair,-0.06388065
ate,pear,1.144401446
ate,pair,-0.624965138
bed,pray,0.277633309
bed,prey,-0.568121694
christians,pray,1.829803433
christians,prey,-0.448843181
customary,pray,-0.307313326
customary,prey,-0.523897592
root,tree's,1.69774838
route,tree's,-0.351945419
root,tripped,-0.180136938
route,tripped,-0.492415474
profit,profit,2.0
business,profit,1.82224455
business,prophet,-0.65142243
dollars,profit,1.743815347
dollars,prophet,-0.349161485
made,profit,0.91419155
made,prophet,-0.124358304
million,profit,1.246970119
million,prophet,-0.554897705
profit,year,0.650043035
prophet,year,-0.162742635
pie,pie,2.0
apple,pie,1.77905018
apple,pi,-0.721939114
dessert,pie,1.681425152
dessert,pi,-0.365230948
like,pie,-0.047714652
like,pi,-0.489360978
need,need,2.0
company,need,0.051266325
company,knead,-0.69822364
computer,need,-0.175595364
computer,knead,-0.590439133
need,programmers,-0.279855399
knead,programmers,-0.634197082
or,or,2.0
car,or,-0.646480239
car,oar,-0.562531637
care,or,-0.702338021
care,oar,-0.750032
or,problems,-0.750977777
oar,problems,-0.706748926
or,take,-0.691946271
oar,take,-0.660505036
tears,tears,2.0
cheeks,tears,1.51407894
cheeks,tiers,-0.732534456
movie,tears,0.324767813
movie,tiers,-0.455543802
ran,tears,-0.065024853
ran,tiers,-0.667817315
sad,tears,1.6796432
sad,tiers,-0.407993765
tears,watched,-0.030077993
tiers,watched,-0.617240943
pole,pole,2.0
pole,raised,-0.033473475
poll,raised,-0.248146517
pole,up,0.261924936
poll,up,-0.399628572
board,board,2.0
board,company's,1.017920054
bored,company's,-0.4950691
board,directors,1.174703046
bored,directors,-0.569948845
board,meeting,1.321483146
bored,meeting,0.440926303
grease,grease,2.0
grease,plate,0.63160784
greece,plate,-0.424750336
sign,sign,2.0
boutique,sign,0.347168404
boutique,sine,-0.597703234
clothes,sign,-0.638889498
clothes,sine,-0.819844606
says,sign,0.959917174
says,sine,-0.774731927
sign,store,0.932149163
sine,store,-0.794210031
principle,principle,2.0
believe,principle,0.570955939
believe,principal,0.105723192
physics,principle,0.758149069
physics,principal,0.457736549
seedy,seedy,2.0
bar,seedy,0.441356094
bar,cd,-0.775614671
drunken,seedy,0.081083372
cd,drunken,-0.685244163
full,seedy,-0.609255664
cd,full,-0.072954451
people,seedy,-0.336843937
cd,people,-0.38802841
seedy,unwashed,0.412283929
cd,unwashed,-0.765760207
hair,heads,2.008648242
hare,heads,-0.410983759
hair,lots,0.016372087
hare,lots,-0.731424204
hair,people,1.008991155
hare,people,-0.560435519
naughty,naughty,2.0
boy,naughty,0.340873612
boy,knotty,-0.524156448
child,naughty,0.360216669
child,knotty,-0.570673267
taught,taught,2.0
college,taught,0.759114146
college,taut,-0.700981929
mathematics,taught,1.147346875
mathematics,taut,-0.471036256
students,taught,1.536200491
students,taut,-0.699906939
marks,marks,2.0
got,marks,-0.550880909
got,marx,-0.663951471
high,marks,0.712761434
high,marx,-0.599170228
marks,school,1.006779042
marx,school,-0.292501088
high,high,2.0
feet,high,0.210251748
feet,hi,-0.478992775
high,statue,0.710567146
hi,statue,-0.655649086
high,ten,0.111443636
hi,ten,-0.577530167
days,days,2.0
days,seven,0.89747462
daze,seven,-0.804114924
days,week,1.888258478
daze,week,-0.620947694
pros,pros,2.0
networking,pros,-0.050376801
networking,prose,-0.483010617
pros,sites,-0.46302653
prose,sites,-0.641951532
pros,social,-0.481973908
prose,social,-0.133220543
plain,plain,2.0
beautiful,plain,0.544398343
beautiful,plane,-0.193695926
felt,plain,-0.295630453
felt,plane,-0.781460533
plain,sister,-0.530564157
plane,sister,-0.764773611
damn,damn,2.0
damn,give,-0.107603886
dam,give,-0.238960042
damn,not,-0.639285817
dam,not,-0.596742509
damn,say,-0.09659133
dam,say,-0.774790815
hurts,hurts,2.0
fell,hurts,1.289512664
fell,hertz,-0.679602346
hurts,leg,0.132818371
hertz,leg,-0.734886048
roll,roll,2.0
bought,roll,-0.423217501
bought,role,-0.477277505
dress,roll,-0.631901652
dress,role,0.009442134
make,roll,-0.068263256
make,role,-0.204322837
roll,silk,-0.11304133
role,silk,-0.526355868
caller,caller,2.0
bank,caller,0.28677822
bank,collar,-0.677348142
caller,phone,1.854532249
collar,phone,-0.641315109
steel,steel,2.0
made,steel,0.246236099
made,steal,-0.61483155
ship,steel,0.808578387
ship,steal,-0.408994784
steel,wood,0.101366305
steal,wood,-0.108600107
die,die,2.0
attack,die,1.174044615
attack,dye,-0.886811156
die,heart,0.600173251
dye,heart,-0.709082701
die,scared,0.667042835
dye,scared,-0.428085266
die,very,-0.706454265
dye,very,-0.606925591
waste,waste,2.0
dealing,waste,-0.571672057
dealing,waist,-0.649881461
time,waste,0.74945938
time,waist,-0.469220054
feat,feat,2.0
exam,feat,-0.003035828
exam,feet,-0.145472314
feat,passing,-0.31578991
feet,passing,-0.167093468
feat,real,-0.353071356
feet,real,-0.392275205
feat,studying,-0.401542051
feet,studying,-0.749716023
allowed,allowed,2.0
allowed,car,-0.502274842
aloud,car,-0.555802483
allowed,family,-0.279927222
aloud,family,-0.371948519
allowed,son,-0.315025275
aloud,son,-0.461546552
allowed,use,0.369072124
aloud,use,-0.583316729
pale,pale,2.0
looks,pale,0.41002263
looks,pail,-0.579613713
pale,sick,1.187339929
pail,sick,0.384213678
manner,manner,2.0
food,manner,0.167603032
food,manor,0.099803061
manner,party,-0.228798263
manor,party,-0.140640352
cash,cash,2.0
bought,cash,1.090530565
bought,cache,-0.287451277
cash,stocks,1.102684689
cache,stocks,-0.444644263
cash,ten,1.016804401
cache,ten,-0.616001035
cash,years,-0.435775644
cache,years,-0.403581963
rain,rain,2.0
city,rain,0.086553216
city,reign,0.099064559
fell,rain,0.613188827
fell,reign,-0.133827467
night,rain,-0.347260507
night,reign,-0.721250535
time,time,2.0
lunch,time,0.929261287
lunch,thyme,-0.308223877
meeting,time,0.919818744
meeting,thyme,-0.750032
poor,poor,2.0
afford,poor,0.58939641
afford,pore,-0.557698037
buy,poor,0.033483277
buy,pore,-0.788090527
cannot,poor,0.074573357
cannot,pore,-0.781460533
family,poor,0.512370285
family,pore,-0.506777115
food,poor,-0.127033648
food,pore,-0.602746226
guilt,guilt,2.0
accused,guilt,1.251821833
accused,gilt,-0.205660218
decides,guilt,-0.117941764
decides,gilt,-0.748498052
guilt,innocence,0.683609262
gilt,innocence,-0.227023413
guilt,jury,1.256818579
gilt,jury,-0.560675645
guilt,person,0.46715014
gilt,person,-0.520269088
err,err,2.0
being,err,-0.600162024
being,heir,-0.496509971
better,err,-0.588063778
better,heir,-0.486176467
err,safe,-0.174398323
heir,safe,-0.368815251
err,side,-0.375675418
heir,side,-0.506233458
sun,sun,2.0
evening,sun,0.857747221
evening,son,-0.570579325
morning,sun,1.438934245
morning,son,-0.678068098
rises,sun,1.575861286
rises,son,-0.614927634
sets,sun,1.090345779
sets,son,-0.735985557
seas,seas,2.0
mid-atlantic,seas,1.1959212
c's,mid-atlantic,-0.677186934
seas,ship,1.612179029
c's,ship,-0.644056695
what,what,2.0
students,what,-0.499064815
students,watt,-0.63958554
teacher,what,-0.459484636
teacher,watt,-0.654493271
told,what,-0.184861844
told,watt,-0.69704956
raiser,raiser,2.0
church,raiser,-0.207024675
church,razor,-0.727307596
girl,raiser,-0.820700699
girl,razor,-0.009458297
local,raiser,-0.369067514
local,razor,-0.730890722
organized,raiser,-0.335369813
organized,razor,-0.552618566
not,not,2.0
let's,not,-0.326499837
knot,let's,-0.622480047
would,would,2.0
father,would,-0.621234826
father,wood,-0.655994366
go,would,-0.397667605
go,wood,-0.750032
let,would,0.262509042
let,wood,-0.788660111
not,would,0.238664661
not,wood,-0.688280885
party,would,-0.398684175
party,wood,-0.782956386
grater,grater,2.0
grater,slices,0.646909343
grader,slices,-0.0989754
i,i,2.0
answer,i,-0.358631117
answer,eye,-0.640114938
i,know,0.147645951
eye,know,-0.529571089
sell,sell,2.0
car,sell,0.842116061
car,cell,-0.23232917
good,sell,0.367727749
cell,good,-0.659243592
price,sell,1.641732003
cell,price,-0.311436775
cent,cent,2.0
borrow,cent,0.745670533
borrow,scent,-0.781460533
cent,even,-0.395060466
even,scent,-0.6249038
cent,let,-0.714122825
let,scent,-0.873396753
cent,not,-0.679842989
not,scent,-0.781460533
cent,stingy,0.546384374
scent,stingy,-0.448248014
coarse,coarse,2.0
coarse,hair,0.742759056
course,hair,-0.014136551
coarse,very,-0.019471902
course,very,-0.577954079
dear,dear,2.0
dear,friend,1.12621052
deer,friend,-0.70352613
be,be,2.0
be,okay,-0.493988311
bee,okay,-0.831107629
be,worry,-0.564835602
bee,worry,-0.698656591
break,break,2.0
break,leg,1.168073764
brake,leg,-0.131012643
break,performance,0.132261404
brake,performance,0.669919049
flower,flower,2.0
among,flower,-0.720665464
among,flour,-0.765176251
flower,growing,1.522493993
flour,growing,-0.36378025
flower,picked,1.016651518
flour,picked,-0.630724541
flower,pretty,1.338286727
flour,pretty,-0.455797233
flower,weeds,1.318642479
flour,weeds,-0.725417027
fair,fair,2.0
fair,game,1.041816066
fare,game,-0.456911341
fair,not,0.275923826
fare,not,-0.777055256
fair,rules,0.888002604
fare,rules,-0.234574065
heal,heal,2.0
heal,takes,-0.520729992
heel,takes,-0.49698937
heal,time,0.55593966
heel,time,-0.916925526
heal,wounds,1.7097202
heel,wounds,-0.108540447
him,him,2.0
back,him,-0.518706364
back,hymn,-0.834836548
him,john,0.292140711
hymn,john,-0.080644958
him,like,-0.30463761
hymn,like,-0.530389328
him,likes,-0.533676365
hymn,likes,-0.486112886
him,sarah,-0.798072639
hymn,sarah,-0.518073919
knows,knows,2.0
almost,knows,-0.154943152
almost,no's,-0.561740608
dictionary,knows,0.656967
dictionary,no's,-0.740929655
knows,word,0.100501487
no's,word,0.034196064
in,in,2.0
close,in,0.495009183
close,inn,-0.454483084
come,in,0.485694349
come,inn,-0.436298857
door,in,1.037311785
door,inn,0.200615259
in,room,0.063650469
inn,room,1.636828851
idle,idle,2.0
doing,idle,0.018690301
doing,idol,-0.599341465
idle,just,0.004347172
idol,just,-0.671030844
idle,sitting,1.194082122
idol,sitting,-0.122448486
made,made,2.0
cake,made,0.827388061
cake,maid,-0.525779941
none,none,2.0
made,none,-0.497056052
made,nun,-0.784191115
none,sense,-0.061491739
nun,sense,-0.528392422
morning,morning,2.0
morning,shining,0.859793109
mourning,shining,-0.413828594
mourning,sun,-0.497003111
meet,meet,2.0
able,meet,0.238797127
able,meat,-0.621082221
finally,meet,0.142099156
finally,meat,-0.682571345
meet,pals,0.552091521
meat,pals,-0.82652512
meet,pen,-0.654525921
meat,pen,-0.694785813
real,real,2.0
counterfeit,real,0.957410112
counterfeit,reel,-0.541107635
diamond,real,0.728779693
diamond,reel,-0.775422228
good,real,-0.159518835
good,reel,-0.56642981
just,real,0.295080021
just,reel,-0.737646499
not,real,-0.260656712
not,reel,-0.524606471
real,very,0.162943031
reel,very,-0.77051102
pair,pair,2.0
matching,pair,1.931825623
matching,pear,-0.632767131
pair,socks,1.542811322
pear,socks,-0.628094303
prey,prey,2.0
eagle's,prey,1.069484634
eagle's,pray,0.000212148
easily,prey,0.06409278
easily,pray,-0.510718826
mouse,prey,1.243436964
mouse,pray,-0.349015178
route,route,2.0
faster,route,0.5684251
faster,root,-0.626807084
home,route,0.363142717
home,root,-0.032831021
